Trajectory,Step,Position,Velocity,Rotor Angle,Rotor Speed,Raw Output,Normalized Output,next_Position,next_Velocity,next_Rotor Angle,next_Rotor Speed
0,0,0.6088,-0.6798,-0.3478,0.5285,10.0086,0.0086,-0.2544,-0.9065,0.185,0.5371
0,1,-0.2544,-0.9065,0.185,0.5371,9.1224,-0.8776,-0.8887,-0.2617,0.2834,-0.3404
0,2,-0.8887,-0.2617,0.2834,-0.3404,9.1022,-0.8978,-0.6917,0.6247,-0.5059,-1.2382
0,3,-0.6917,0.6247,-0.5059,-1.2382,11.3181,1.3181,0.1208,0.8774,-1.0851,0.0799
0,4,0.1208,0.8774,-1.0851,0.0799,11.3979,1.3979,0.7574,0.2878,-0.3062,1.4779
0,5,0.7574,0.2878,-0.3062,1.4779,8.9467,-1.0533,0.6484,-0.5057,0.6451,0.4246
0,6,0.6484,-0.5057,0.6451,0.4246,9.6659,-0.3341,-0.0431,-0.7642,0.9026,0.0905
0,7,-0.0431,-0.7642,0.9026,0.0905,8.8032,-1.1968,-0.6267,-0.3057,0.3947,-1.1063
0,8,-0.6267,-0.3057,0.3947,-1.1063,10.3012,0.3012,-0.5868,0.3917,-0.561,-0.8052
0,9,-0.5868,0.3917,-0.561,-0.8052,10.8456,0.8456,-0.0182,0.6585,-0.9434,0.0404
0,10,-0.0182,0.6585,-0.9434,0.0404,11.0239,1.0239,0.5036,0.2965,-0.391,1.0643
0,11,0.5036,0.2965,-0.391,1.0643,9.6179,-0.3821,0.5123,-0.2934,0.4822,0.6822
0,12,0.5123,-0.2934,0.4822,0.6822,9.4148,-0.5852,0.0564,-0.5487,0.8718,0.097
0,13,0.0564,-0.5487,0.8718,0.097,9.0352,-0.9648,-0.3925,-0.2745,0.4865,-0.8678
0,14,-0.3925,-0.2745,0.4865,-0.8678,10.078,0.078,-0.4283,0.2193,-0.3423,-0.7897
0,15,-0.4283,0.2193,-0.3423,-0.7897,10.7406,0.7406,-0.0678,0.4499,-0.7617,-0.0491
0,16,-0.0678,0.4499,-0.7617,-0.0491,10.758,0.758,0.3084,0.2392,-0.4318,0.7089
0,17,0.3084,0.2392,-0.4318,0.7089,10.1084,0.1084,0.3545,-0.1629,0.3313,0.8173
0,18,0.3545,-0.1629,0.3313,0.8173,9.2236,-0.7764,0.0751,-0.3583,0.7604,0.0409
0,19,0.0751,-0.3583,0.7604,0.0409,9.3415,-0.6585,-0.2273,-0.1956,0.472,-0.6176
0,20,-0.2273,-0.1956,0.472,-0.6176,9.9165,-0.0835,-0.2714,0.1221,-0.1873,-0.7011
0,21,-0.2714,0.1221,-0.1873,-0.7011,10.6039,0.6039,-0.0573,0.2782,-0.5865,-0.0972
0,22,-0.0573,0.2782,-0.5865,-0.0972,10.5371,0.5371,0.1767,0.1512,-0.4151,0.4399
0,23,0.1767,0.1512,-0.4151,0.4399,10.2155,0.2155,0.2079,-0.099,0.1326,0.6554
0,24,0.2079,-0.099,0.1326,0.6554,9.4308,-0.5692,0.0397,-0.2169,0.5034,0.0862
0,25,0.0397,-0.2169,0.5034,0.0862,9.5183,-0.4817,-0.1384,-0.11,0.3487,-0.3955
0,26,-0.1384,-0.11,0.3487,-0.3955,9.8486,-0.1514,-0.1552,0.0839,-0.1225,-0.5469
0,27,-0.1552,0.0839,-0.1225,-0.5469,10.4428,0.4428,-0.0227,0.1651,-0.448,-0.1041
0,28,-0.0227,0.1651,-0.448,-0.1041,10.4065,0.4065,0.1062,0.072,-0.3489,0.3024
0,29,0.1062,0.072,-0.3489,0.3024,10.136,0.136,0.105,-0.0779,0.0214,0.4384
0,30,0.105,-0.0779,0.0214,0.4384,9.6754,-0.3246,-0.0047,-0.1281,0.2975,0.1138
0,31,-0.0047,-0.1281,0.2975,0.1138,9.6035,-0.3965,-0.0965,-0.0415,0.2131,-0.2827
0,32,-0.0965,-0.0415,0.2131,-0.2827,9.8873,-0.1127,-0.08,0.0749,-0.126,-0.3954
0,33,-0.08,0.0749,-0.126,-0.3954,10.3326,0.3326,0.0113,0.097,-0.3551,-0.0628
0,34,0.0113,0.097,-0.3551,-0.0628,10.3238,0.3238,0.0717,0.0142,-0.256,0.261
0,35,0.0717,0.0142,-0.256,0.261,10.0231,0.0231,0.0413,-0.0729,0.0166,0.2841
0,36,0.0413,-0.0729,0.0166,0.2841,9.7143,-0.2857,-0.0363,-0.0728,0.1579,-0.0015
0,37,-0.0363,-0.0728,0.1579,-0.0015,9.7532,-0.2468,-0.0741,0.0034,0.033,-0.2483
0,38,-0.0741,0.0034,0.033,-0.2483,9.9893,-0.0107,-0.0378,0.0658,-0.2207,-0.259
0,39,-0.0378,0.0658,-0.2207,-0.259,10.2729,0.2729,0.0233,0.0488,-0.3432,0.0139
0,40,0.0233,0.0488,-0.3432,0.0139,10.2313,0.2313,0.0387,-0.021,-0.2136,0.2453
0,41,0.0387,-0.021,-0.2136,0.2453,9.9271,-0.0729,-0.0044,-0.0611,-0.0048,0.1724
0,42,-0.0044,-0.0611,-0.0048,0.1724,9.7577,-0.2423,-0.0529,-0.03,0.0465,-0.0699
0,43,-0.0529,-0.03,0.0465,-0.0699,9.8544,-0.1456,-0.0525,0.0312,-0.0963,-0.2156
0,44,-0.0525,0.0312,-0.0963,-0.2156,10.089,0.089,-0.0081,0.0524,-0.2674,-0.1266
0,45,-0.0081,0.0524,-0.2674,-0.1266,10.2421,0.2421,0.027,0.0131,-0.2729,0.1155
0,46,0.027,0.0131,-0.2729,0.1155,10.0807,0.0807,0.0144,-0.0377,-0.117,0.1962
0,47,0.0144,-0.0377,-0.117,0.1962,9.8599,-0.1401,-0.0277,-0.0421,0.0092,0.0561
0,48,-0.0277,-0.0421,0.0092,0.0561,9.8162,-0.1838,-0.0498,0.0008,-0.0266,-0.1277
0,49,-0.0498,0.0008,-0.0266,-0.1277,9.9609,-0.0391,-0.0285,0.0393,-0.1739,-0.1668
0,50,-0.0285,0.0393,-0.1739,-0.1668,10.1553,0.1553,0.0087,0.0306,-0.2631,-0.0116
0,51,0.0087,0.0306,-0.2631,-0.0116,10.1609,0.1609,0.0187,-0.0122,-0.1942,0.1494
0,52,0.0187,-0.0122,-0.1942,0.1494,9.9794,-0.0206,-0.0077,-0.0381,-0.0551,0.1288
0,53,-0.0077,-0.0381,-0.0551,0.1288,9.8399,-0.1601,-0.0379,-0.0189,-0.0063,-0.0312
0,54,-0.0379,-0.0189,-0.0063,-0.0312,9.8878,-0.1122,-0.0371,0.0205,-0.0937,-0.1434
0,55,-0.0371,0.0205,-0.0937,-0.1434,10.0472,0.0472,-0.0081,0.0339,-0.2135,-0.0963
0,56,-0.0081,0.0339,-0.2135,-0.0963,10.1635,0.1635,0.014,0.0075,-0.228,0.0672
0,57,0.014,0.0075,-0.228,0.0672,10.0658,0.0658,0.0043,-0.0263,-0.1279,0.133
0,58,0.0043,-0.0263,-0.1279,0.133,9.9136,-0.0864,-0.0246,-0.0284,-0.0381,0.0466
0,59,-0.0246,-0.0284,-0.0381,0.0466,9.8643,-0.1357,-0.0387,0.0018,-0.0594,-0.0891
0,60,-0.0387,0.0018,-0.0594,-0.0891,9.9688,-0.0312,-0.0229,0.028,-0.1641,-0.1203
0,61,-0.0229,0.028,-0.1641,-0.1203,10.1132,0.1132,0.0029,0.0205,-0.2278,-0.0071
0,62,0.0029,0.0205,-0.2278,-0.0071,10.1139,0.1139,0.0087,-0.0101,-0.178,0.1068
0,63,0.0087,-0.0101,-0.178,0.1068,9.9829,-0.0171,-0.0109,-0.0273,-0.0797,0.0897
0,64,-0.0109,-0.0273,-0.0797,0.0897,9.8864,-0.1136,-0.0319,-0.0124,-0.0468,-0.0239
0,65,-0.0319,-0.0124,-0.0468,-0.0239,9.9167,-0.0833,-0.0301,0.0157,-0.1124,-0.1072
0,66,-0.0301,0.0157,-0.1124,-0.1072,10.0415,0.0415,-0.0089,0.0241,-0.1988,-0.0657
0,67,-0.0089,0.0241,-0.1988,-0.0657,10.1191,0.1191,0.0061,0.004,-0.2049,0.0535
0,68,0.0061,0.004,-0.2049,0.0535,10.0421,0.0421,-0.002,-0.0198,-0.1304,0.0956
0,69,-0.002,-0.0198,-0.1304,0.0956,9.9344,-0.0656,-0.0229,-0.0198,-0.0676,0.03
0,70,-0.0229,-0.0198,-0.0676,0.03,9.9028,-0.0972,-0.032,0.0026,-0.0863,-0.0672
0,71,-0.032,0.0026,-0.0863,-0.0672,9.9809,-0.0191,-0.0196,0.0207,-0.163,-0.0863
0,72,-0.0196,0.0207,-0.163,-0.0863,10.086,0.086,-0.0011,0.0139,-0.2063,-0.0003
0,73,-0.0011,0.0139,-0.2063,-0.0003,10.0798,0.0798,0.0019,-0.0085,-0.1666,0.0796
0,74,0.0019,-0.0085,-0.1666,0.0796,9.9832,-0.0168,-0.013,-0.02,-0.0955,0.0627
0,75,-0.013,-0.02,-0.0955,0.0627,9.9157,-0.0843,-0.0277,-0.008,-0.0749,-0.0216
0,76,-0.0277,-0.008,-0.0749,-0.0216,9.9428,-0.0572,-0.0253,0.0124,-0.125,-0.0787
0,77,-0.0253,0.0124,-0.125,-0.0787,10.0348,0.0348,-0.0095,0.0173,-0.1864,-0.044
0,78,-0.0095,0.0173,-0.1864,-0.044,10.0864,0.0864,0.0008,0.0019,-0.1872,0.0424
0,79,0.0008,0.0019,-0.1872,0.0424,10.0267,0.0267,-0.0061,-0.0151,-0.1315,0.0691
0,80,-0.0061,-0.0151,-0.1315,0.0691,9.9493,-0.0507,-0.0214,-0.014,-0.0877,0.0184
0,81,-0.0214,-0.014,-0.0877,0.0184,9.93,-0.07,-0.0272,0.0028,-0.1044,-0.0517
0,82,-0.0272,0.0028,-0.1044,-0.0517,9.99,-0.01,-0.0175,0.0154,-0.161,-0.0616
0,83,-0.0175,0.0154,-0.161,-0.0616,10.0649,0.0649,-0.0042,0.0095,-0.1902,0.0033
0,84,-0.0042,0.0095,-0.1902,0.0033,10.056,0.056,-0.0027,-0.0071,-0.1589,0.0593
0,85,-0.0027,-0.0071,-0.1589,0.0593,9.9848,-0.0152,-0.0141,-0.0147,-0.1072,0.0441
0,86,-0.0141,-0.0147,-0.1072,0.0441,9.9372,-0.0628,-0.0245,-0.0052,-0.0945,-0.0187
0,87,-0.0245,-0.0052,-0.0945,-0.0187,9.9605,-0.0395,-0.0221,0.0096,-0.133,-0.0582
0,88,-0.0221,0.0096,-0.133,-0.0582,10.0284,0.0284,-0.0102,0.0125,-0.177,-0.0298
0,89,-0.0102,0.0125,-0.177,-0.0298,10.0631,0.0631,-0.0032,0.0006,-0.1752,0.0333
0,90,-0.0032,0.0006,-0.1752,0.0333,10.0175,0.0175,-0.0088,-0.0115,-0.1332,0.0508
0,91,-0.0088,-0.0115,-0.1332,0.0508,9.9604,-0.0396,-0.0201,-0.01,-0.1022,0.0112
0,92,-0.0201,-0.01,-0.1022,0.0112,9.949,-0.051,-0.0238,0.0027,-0.1165,-0.0398
0,93,-0.0238,0.0027,-0.1165,-0.0398,9.9953,-0.0047,-0.0162,0.0115,-0.1586,-0.0445
0,94,-0.0162,0.0115,-0.1586,-0.0445,10.0491,0.0491,-0.0065,0.0065,-0.1786,0.0046
0,95,-0.0065,0.0065,-0.1786,0.0046,10.0396,0.0396,-0.006,-0.0058,-0.1542,0.0442
0,96,-0.006,-0.0058,-0.1542,0.0442,9.9871,-0.0129,-0.0147,-0.0109,-0.1164,0.0313
0,97,-0.0147,-0.0109,-0.1164,0.0313,9.953,-0.047,-0.0222,-0.0034,-0.1086,-0.0157
0,98,-0.0222,-0.0034,-0.1086,-0.0157,9.9724,-0.0276,-0.0199,0.0075,-0.138,-0.0433
0,99,-0.0199,0.0075,-0.138,-0.0433,10.0228,0.0228,-0.0109,0.0091,-0.1699,-0.0205
1,0,0.6586,-0.6674,-0.3626,0.5927,9.9413,-0.0587,-0.2173,-0.9429,0.2007,0.5339
1,1,-0.2173,-0.9429,0.2007,0.5339,9.1228,-0.8772,-0.8986,-0.3113,0.2961,-0.3432
1,2,-0.8986,-0.3113,0.2961,-0.3432,9.1165,-0.8835,-0.7382,0.6074,-0.4889,-1.2267
1,3,-0.7382,0.6074,-0.4889,-1.2267,11.262,1.262,0.0818,0.9084,-1.0847,0.0353
1,4,0.0818,0.9084,-1.0847,0.0353,11.4027,1.4027,0.7621,0.3372,-0.348,1.438
1,5,0.7621,0.3372,-0.348,1.438,9.0347,-0.9653,0.6904,-0.4862,0.6073,0.4726
1,6,0.6904,-0.4862,0.6073,0.4726,9.6877,-0.3123,-0.0053,-0.7919,0.9238,0.1604
1,7,-0.0053,-0.7919,0.9238,0.1604,8.728,-1.272,-0.6282,-0.3507,0.4482,-1.1116
1,8,-0.6282,-0.3507,0.4482,-1.1116,10.2552,0.2552,-0.6232,0.3729,-0.5358,-0.8564
1,9,-0.6232,0.3729,-0.5358,-0.8564,10.8678,0.8678,-0.0529,0.6809,-0.9584,0.0114
1,10,-0.0529,0.6809,-0.9584,0.0114,11.0177,1.0177,0.5028,0.3365,-0.4381,1.0291
1,11,0.5028,0.3365,-0.4381,1.0291,9.6956,-0.3044,0.5432,-0.2749,0.4387,0.7246
1,12,0.5432,-0.2749,0.4387,0.7246,9.4311,-0.5689,0.0871,-0.568,0.8789,0.1557
1,13,0.0871,-0.568,0.8789,0.1557,9.0196,-0.9804,-0.3915,-0.31,0.5444,-0.8247
1,14,-0.3915,-0.31,0.5444,-0.8247,9.9698,-0.0302,-0.4548,0.2039,-0.2953,-0.8548
1,15,-0.4548,0.2039,-0.2953,-0.8548,10.7704,0.7704,-0.0935,0.4676,-0.765,-0.0844
1,16,-0.0935,0.4676,-0.765,-0.0844,10.7592,0.7592,0.3089,0.27,-0.4698,0.6747
1,17,0.3089,0.27,-0.4698,0.6747,10.2022,0.2022,0.3789,-0.1496,0.306,0.8769
1,18,0.3789,-0.1496,0.306,0.8769,9.2058,-0.7942,0.0987,-0.3736,0.7858,0.0827
1,19,0.0987,-0.3736,0.7858,0.0827,9.3187,-0.6813,-0.2259,-0.2215,0.5279,-0.5985
1,20,-0.2259,-0.2215,0.5279,-0.5985,9.8453,-0.1547,-0.2899,0.1114,-0.148,-0.7533
1,21,-0.2899,0.1114,-0.148,-0.7533,10.6295,0.6295,-0.0749,0.2912,-0.5865,-0.1237
1,22,-0.0749,0.2912,-0.5865,-0.1237,10.5429,0.5429,0.1779,0.1729,-0.4387,0.4192
1,23,0.1779,0.1729,-0.4387,0.4192,10.2714,0.2714,0.2257,-0.0901,0.1161,0.6906
1,24,0.2257,-0.0901,0.1161,0.6906,9.4263,-0.5737,0.0563,-0.2283,0.5199,0.1168
1,25,0.0563,-0.2283,0.5199,0.1168,9.4953,-0.5047,-0.138,-0.1288,0.3843,-0.3879
1,26,-0.138,-0.1288,0.3843,-0.3879,9.8063,-0.1937,-0.1691,0.0763,-0.1004,-0.5816
1,27,-0.1691,0.0763,-0.1004,-0.5816,10.4593,0.4593,-0.0359,0.1746,-0.4523,-0.1223
1,28,-0.0359,0.1746,-0.4523,-0.1223,10.4074,0.4074,0.1067,0.0878,-0.3709,0.2851
1,29,0.1067,0.0878,-0.3709,0.2851,10.179,0.179,0.1174,-0.0715,0.0036,0.464
1,30,0.1174,-0.0715,0.0036,0.464,9.6875,-0.3125,0.0069,-0.1365,0.3114,0.1516
1,31,0.0069,-0.1365,0.3114,0.1516,9.576,-0.424,-0.0964,-0.0545,0.251,-0.2724
1,32,-0.0964,-0.0545,0.251,-0.2724,9.847,-0.153,-0.0892,0.0709,-0.0979,-0.4254
1,33,-0.0892,0.0709,-0.0979,-0.4254,10.3425,0.3425,0.004,0.1047,-0.352,-0.0828
1,34,0.004,0.1047,-0.352,-0.0828,10.3307,0.3307,0.0742,0.0247,-0.2694,0.2479
1,35,0.0742,0.0247,-0.2694,0.2479,10.056,0.056,0.0509,-0.0704,0.0065,0.3039
1,36,0.0509,-0.0704,0.0065,0.3039,9.7217,-0.2783,-0.0293,-0.0802,0.1713,0.0257
1,37,-0.0293,-0.0802,0.1713,0.0257,9.7352,-0.2648,-0.0758,-0.0054,0.0645,-0.2391
1,38,-0.0758,-0.0054,0.0645,-0.2391,9.9523,-0.0477,-0.0446,0.065,-0.1985,-0.2869
1,39,-0.0446,0.065,-0.1985,-0.2869,10.283,0.283,0.0197,0.056,-0.3439,-0.0039
1,40,0.0197,0.056,-0.3439,-0.0039,10.2468,0.2468,0.0426,-0.0141,-0.2244,0.2429
1,41,0.0426,-0.0141,-0.2244,0.2429,9.9478,-0.0522,0.0029,-0.0615,-0.0076,0.1907
1,42,0.0029,-0.0615,-0.0076,0.1907,9.7561,-0.2439,-0.0492,-0.0366,0.0612,-0.0532
1,43,-0.0492,-0.0366,0.0612,-0.0532,9.8374,-0.1626,-0.0553,0.0259,-0.0733,-0.2158
1,44,-0.0553,0.0259,-0.0733,-0.2158,10.0664,0.0664,-0.0131,0.0537,-0.2559,-0.1493
1,45,-0.0131,0.0537,-0.2559,-0.1493,10.2426,0.2426,0.0257,0.0189,-0.2839,0.0933
1,46,0.0257,0.0189,-0.2839,0.0933,10.1081,0.1081,0.018,-0.0343,-0.1365,0.2014
1,47,0.018,-0.0343,-0.1365,0.2014,9.8765,-0.1235,-0.0238,-0.0448,0.0031,0.0778
1,48,-0.0238,-0.0448,0.0031,0.0778,9.808,-0.192,-0.05,-0.0044,-0.0151,-0.1142
1,49,-0.05,-0.0044,-0.0151,-0.1142,9.941,-0.059,-0.0325,0.0377,-0.1588,-0.1732
1,50,-0.0325,0.0377,-0.1588,-0.1732,10.1404,0.1404,0.0058,0.0342,-0.2618,-0.0328
1,51,0.0058,0.0342,-0.2618,-0.0328,10.1746,0.1746,0.0201,-0.0078,-0.2072,0.1418
1,52,0.0201,-0.0078,-0.2072,0.1418,9.9988,-0.0012,-0.0039,-0.0379,-0.0661,0.1406
1,53,-0.0039,-0.0379,-0.0661,0.1406,9.8441,-0.1559,-0.036,-0.0229,-0.0034,-0.0153
1,54,-0.036,-0.0229,-0.0034,-0.0153,9.875,-0.125,-0.0391,0.017,-0.0812,-0.1403
1,55,-0.0391,0.017,-0.0812,-0.1403,10.0306,0.0306,-0.0116,0.0348,-0.2062,-0.1097
1,56,-0.0116,0.0348,-0.2062,-0.1097,10.1627,0.1627,0.0131,0.0115,-0.2345,0.053
1,57,0.0131,0.0115,-0.2345,0.053,10.0831,0.0831,0.0067,-0.0239,-0.1399,0.1362
1,58,0.0067,-0.0239,-0.1399,0.1362,9.925,-0.075,-0.0218,-0.0301,-0.0413,0.0611
1,59,-0.0218,-0.0301,-0.0413,0.0611,9.8604,-0.1396,-0.0386,-0.0018,-0.05,-0.0785
1,60,-0.0386,-0.0018,-0.05,-0.0785,9.9542,-0.0458,-0.0253,0.0268,-0.1514,-0.1243
1,61,-0.0253,0.0268,-0.1514,-0.1243,10.1015,0.1015,0.0012,0.0229,-0.2249,-0.0228
1,62,0.0012,0.0229,-0.2249,-0.0228,10.1228,0.1228,0.0098,-0.0071,-0.1863,0.1
1,63,0.0098,-0.0071,-0.1863,0.1,9.9969,-0.0031,-0.0082,-0.0273,-0.0879,0.0969
1,64,-0.0082,-0.0273,-0.0879,0.0969,9.8914,-0.1086,-0.0307,-0.0153,-0.0453,-0.0117
1,65,-0.0307,-0.0153,-0.0453,-0.0117,9.9074,-0.0926,-0.0317,0.0133,-0.1033,-0.1043
1,66,-0.0317,0.0133,-0.1033,-0.1043,10.0276,0.0276,-0.0114,0.0248,-0.1938,-0.0767
1,67,-0.0114,0.0248,-0.1938,-0.0767,10.12,0.12,0.0055,0.0069,-0.2106,0.0432
1,68,0.0055,0.0069,-0.2106,0.0432,10.0555,0.0555,-0.0002,-0.0182,-0.1396,0.0987
1,69,-0.0002,-0.0182,-0.1396,0.0987,9.9423,-0.0577,-0.021,-0.0212,-0.0697,0.041
1,70,-0.021,-0.0212,-0.0697,0.041,9.8991,-0.1009,-0.0321,0.0001,-0.0791,-0.0599
1,71,-0.0321,0.0001,-0.0791,-0.0599,9.9696,-0.0304,-0.0214,0.02,-0.1542,-0.0903
1,72,-0.0214,0.02,-0.1542,-0.0903,10.0788,0.0788,-0.0023,0.0158,-0.2051,-0.0115
1,73,-0.0023,0.0158,-0.2051,-0.0115,10.0871,0.0871,0.0028,-0.0064,-0.1731,0.0756
1,74,0.0028,-0.0064,-0.1731,0.0756,9.993,-0.007,-0.0111,-0.0201,-0.101,0.0686
1,75,-0.0111,-0.0201,-0.101,0.0686,9.9184,-0.0816,-0.027,-0.0101,-0.0731,-0.0129
1,76,-0.027,-0.0101,-0.0731,-0.0129,9.9355,-0.0645,-0.0266,0.0108,-0.1183,-0.0774
1,77,-0.0266,0.0108,-0.1183,-0.0774,10.0251,0.0251,-0.0112,0.018,-0.1831,-0.0523
1,78,-0.0112,0.018,-0.1831,-0.0523,10.0878,0.0878,0.0005,0.0039,-0.1915,0.0355
1,79,0.0005,0.0039,-0.1915,0.0355,10.0359,0.0359,-0.0047,-0.0141,-0.1381,0.0714
1,80,-0.0047,-0.0141,-0.1381,0.0714,9.9549,-0.0451,-0.0201,-0.0152,-0.0893,0.0263
1,81,-0.0201,-0.0152,-0.0893,0.0263,9.927,-0.073,-0.0275,0.001,-0.0995,-0.0467
1,82,-0.0275,0.001,-0.0995,-0.0467,9.9818,-0.0182,-0.0189,0.015,-0.1553,-0.0649
1,83,-0.0189,0.015,-0.1553,-0.0649,10.0603,0.0603,-0.005,0.011,-0.1901,-0.0046
1,84,-0.005,0.011,-0.1901,-0.0046,10.0617,0.0617,-0.002,-0.0056,-0.1638,0.0571
1,85,-0.002,-0.0056,-0.1638,0.0571,9.9918,-0.0082,-0.0127,-0.0149,-0.1109,0.0489
1,86,-0.0127,-0.0149,-0.1109,0.0489,9.9386,-0.0614,-0.0241,-0.0068,-0.0927,-0.0125
1,87,-0.0241,-0.0068,-0.0927,-0.0125,9.9548,-0.0452,-0.023,0.0085,-0.1278,-0.0577
1,88,-0.023,0.0085,-0.1278,-0.0577,10.0215,0.0215,-0.0114,0.0131,-0.1747,-0.0362
1,89,-0.0114,0.0131,-0.1747,-0.0362,10.0646,0.0646,-0.0033,0.0021,-0.1786,0.0284
1,90,-0.0033,0.0021,-0.1786,0.0284,10.0238,0.0238,-0.0077,-0.0109,-0.1383,0.0522
1,91,-0.0077,-0.0109,-0.1383,0.0522,9.9649,-0.0351,-0.0192,-0.0109,-0.1036,0.0171
1,92,-0.0192,-0.0109,-0.1036,0.0171,9.9467,-0.0533,-0.0242,0.0014,-0.1132,-0.0362
1,93,-0.0242,0.0014,-0.1132,-0.0362,9.9892,-0.0108,-0.0173,0.0113,-0.1548,-0.047
1,94,-0.0173,0.0113,-0.1548,-0.047,10.046,0.046,-0.0071,0.0077,-0.1789,-0.001
1,95,-0.0071,0.0077,-0.1789,-0.001,10.044,0.044,-0.0054,-0.0047,-0.1579,0.043
1,96,-0.0054,-0.0047,-0.1579,0.043,9.9922,-0.0078,-0.0136,-0.0111,-0.1188,0.0352
1,97,-0.0136,-0.0111,-0.1188,0.0352,9.9537,-0.0463,-0.0219,-0.0046,-0.1068,-0.0111
1,98,-0.0219,-0.0046,-0.1068,-0.0111,9.9679,-0.0321,-0.0206,0.0067,-0.1339,-0.0432
1,99,-0.0206,0.0067,-0.1339,-0.0432,10.0177,0.0177,-0.0118,0.0096,-0.1682,-0.0255
2,0,0.6584,-0.6639,-0.3012,0.5092,10.0772,0.0772,-0.2121,-0.9354,0.2465,0.5863
2,1,-0.2121,-0.9354,0.2465,0.5863,8.9627,-1.0373,-0.8873,-0.3082,0.3142,-0.451
2,2,-0.8873,-0.3082,0.3142,-0.451,9.296,-0.704,-0.7293,0.6013,-0.4889,-1.1551
2,3,-0.7293,0.6013,-0.4889,-1.1551,11.1956,1.1956,0.082,0.8977,-1.0462,0.0405
2,4,0.082,0.8977,-1.0462,0.0405,11.361,1.361,0.7549,0.3343,-0.3251,1.4015
2,5,0.7549,0.3343,-0.3251,1.4015,9.0728,-0.9272,0.6849,-0.4798,0.6128,0.4743
2,6,0.6849,-0.4798,0.6128,0.4743,9.6821,-0.3179,-0.0027,-0.7834,0.9282,0.1564
2,7,-0.0027,-0.7834,0.9282,0.1564,8.74,-1.26,-0.6193,-0.3479,0.4546,-1.1036
2,8,-0.6193,-0.3479,0.4546,-1.1036,10.247,0.247,-0.6158,0.3676,-0.5255,-0.8565
2,9,-0.6158,0.3676,-0.5255,-0.8565,10.8644,0.8644,-0.0529,0.6726,-0.9498,0.0079
2,10,-0.0529,0.6726,-0.9498,0.0079,11.0106,1.0106,0.4961,0.3327,-0.4366,1.0185
2,11,0.4961,0.3327,-0.4366,1.0185,9.7083,-0.2917,0.5364,-0.2712,0.436,0.7268
2,12,0.5364,-0.2712,0.436,0.7268,9.4249,-0.5751,0.0864,-0.5606,0.8752,0.1517
2,13,0.0864,-0.5606,0.8752,0.1517,9.0303,-0.9697,-0.3857,-0.3057,0.5421,-0.818
2,14,-0.3857,-0.3057,0.5421,-0.818,9.9672,-0.0328,-0.4481,0.2012,-0.2923,-0.8508
2,15,-0.4481,0.2012,-0.2923,-0.8508,10.768,0.768,-0.0919,0.4608,-0.7591,-0.0827
2,16,-0.0919,0.4608,-0.7591,-0.0827,10.7508,0.7508,0.3043,0.2655,-0.4664,0.6681
2,17,0.3043,0.2655,-0.4664,0.6681,10.2014,0.2014,0.3727,-0.1479,0.3024,0.8695
2,18,0.3727,-0.1479,0.3024,0.8695,9.2105,-0.7895,0.0966,-0.3677,0.7771,0.08
2,19,0.0966,-0.3677,0.7771,0.08,9.3264,-0.6736,-0.2226,-0.2173,0.5203,-0.5936
2,20,-0.2226,-0.2173,0.5203,-0.5936,9.8485,-0.1515,-0.2848,0.1103,-0.1491,-0.7452
2,21,-0.2848,0.1103,-0.1491,-0.7452,10.6227,0.6227,-0.0731,0.2862,-0.5829,-0.1225
2,22,-0.0731,0.2862,-0.5829,-0.1225,10.5371,0.5371,0.1748,0.169,-0.4368,0.4147
2,23,0.1748,0.169,-0.4368,0.4147,10.2664,0.2664,0.2208,-0.0895,0.1111,0.6811
2,24,0.2208,-0.0895,0.1111,0.6811,9.437,-0.563,0.0539,-0.2243,0.5106,0.118
2,25,0.0539,-0.2243,0.5106,0.118,9.4991,-0.5009,-0.1364,-0.1253,0.3782,-0.3828
2,26,-0.1364,-0.1253,0.3782,-0.3828,9.8088,-0.1912,-0.1656,0.0763,-0.1002,-0.574
2,27,-0.1656,0.0763,-0.1002,-0.574,10.4528,0.4528,-0.0339,0.1716,-0.4478,-0.1212
2,28,-0.0339,0.1716,-0.4478,-0.1212,10.4052,0.4052,0.1055,0.0848,-0.3664,0.284
2,29,0.1055,0.0848,-0.3664,0.284,10.1729,0.1729,0.1145,-0.0717,0.004,0.4569
2,30,0.1145,-0.0717,0.004,0.4569,9.6886,-0.3114,0.0051,-0.1341,0.3052,0.1455
2,31,0.0051,-0.1341,0.3052,0.1455,9.5835,-0.4165,-0.0957,-0.0523,0.2424,-0.271
2,32,-0.0957,-0.0523,0.2424,-0.271,9.8517,-0.1483,-0.0872,0.0708,-0.1027,-0.4193
2,33,-0.0872,0.0708,-0.1027,-0.4193,10.3393,0.3393,0.0048,0.1027,-0.3524,-0.08
2,34,0.0048,0.1027,-0.3524,-0.08,10.3285,0.3285,0.073,0.0229,-0.2681,0.2486
2,35,0.073,0.0229,-0.2681,0.2486,10.0509,0.0509,0.0488,-0.0702,0.0059,0.2995
2,36,0.0488,-0.0702,0.0059,0.2995,9.7224,-0.2776,-0.0304,-0.0784,0.1666,0.0219
2,37,-0.0304,-0.0784,0.1666,0.0219,9.7393,-0.2607,-0.0751,-0.0038,0.0582,-0.2388
2,38,-0.0751,-0.0038,0.0582,-0.2388,9.9569,-0.0431,-0.0432,0.0647,-0.2021,-0.2818
2,39,-0.0432,0.0647,-0.2021,-0.2818,10.2809,0.2809,0.0201,0.0543,-0.3435,-0.001
2,40,0.0201,0.0543,-0.3435,-0.001,10.2433,0.2433,0.0414,-0.0153,-0.2228,0.2423
2,41,0.0414,-0.0153,-0.2228,0.2423,9.9445,-0.0555,0.0014,-0.061,-0.0082,0.1869
2,42,0.0014,-0.061,-0.0082,0.1869,9.7575,-0.2425,-0.0498,-0.0351,0.0574,-0.0556
2,43,-0.0498,-0.0351,0.0574,-0.0556,9.841,-0.159,-0.0545,0.0268,-0.0777,-0.2146
2,44,-0.0545,0.0268,-0.0777,-0.2146,10.0702,0.0702,-0.0121,0.0532,-0.2572,-0.1444
2,45,-0.0121,0.0532,-0.2572,-0.1444,10.2414,0.2414,0.0258,0.0177,-0.281,0.097
2,46,0.0258,0.0177,-0.281,0.097,10.1025,0.1025,0.0171,-0.0349,-0.1327,0.1995
2,47,0.0171,-0.0349,-0.1327,0.1995,9.8741,-0.1259,-0.0246,-0.0441,0.0038,0.0736
2,48,-0.0246,-0.0441,0.0038,0.0736,9.81,-0.19,-0.0498,-0.0033,-0.0176,-0.1164
2,49,-0.0498,-0.0033,-0.0176,-0.1164,9.945,-0.055,-0.0316,0.0379,-0.1615,-0.1714
2,50,-0.0316,0.0379,-0.1615,-0.1714,10.1428,0.1428,0.0063,0.0333,-0.2615,-0.0286
2,51,0.0063,0.0333,-0.2615,-0.0286,10.1714,0.1714,0.0197,-0.0087,-0.2044,0.1428
2,52,0.0197,-0.0087,-0.2044,0.1428,9.9952,-0.0048,-0.0047,-0.0378,-0.064,0.138
2,53,-0.0047,-0.0378,-0.064,0.138,9.8437,-0.1563,-0.0363,-0.022,-0.0043,-0.0184
2,54,-0.0363,-0.022,-0.0043,-0.0184,9.8778,-0.1222,-0.0386,0.0177,-0.0837,-0.1406
2,55,-0.0386,0.0177,-0.0837,-0.1406,10.0338,0.0338,-0.0109,0.0345,-0.2074,-0.1068
2,56,-0.0109,0.0345,-0.2074,-0.1068,10.1624,0.1624,0.0132,0.0106,-0.233,0.0557
2,57,0.0132,0.0106,-0.233,0.0557,10.0795,0.0795,0.0062,-0.0243,-0.1375,0.1351
2,58,0.0062,-0.0243,-0.1375,0.1351,9.923,-0.077,-0.0223,-0.0296,-0.0409,0.0581
2,59,-0.0223,-0.0296,-0.0409,0.0581,9.8615,-0.1385,-0.0386,-0.001,-0.0521,-0.0804
2,60,-0.0386,-0.001,-0.0521,-0.0804,9.9572,-0.0428,-0.0248,0.027,-0.1539,-0.1232
2,61,-0.0248,0.027,-0.1539,-0.1232,10.1036,0.1036,0.0015,0.0224,-0.2253,-0.0196
2,62,0.0015,0.0224,-0.2253,-0.0196,10.1207,0.1207,0.0095,-0.0077,-0.1846,0.1011
2,63,0.0095,-0.0077,-0.1846,0.1011,9.9941,-0.0059,-0.0088,-0.0272,-0.0864,0.0952
2,64,-0.0088,-0.0272,-0.0864,0.0952,9.8906,-0.1094,-0.0309,-0.0147,-0.0458,-0.0141
2,65,-0.0309,-0.0147,-0.0458,-0.0141,9.9095,-0.0905,-0.0313,0.0138,-0.1052,-0.1047
2,66,-0.0313,0.0138,-0.1052,-0.1047,10.0303,0.0303,-0.0109,0.0246,-0.1947,-0.0743
2,67,-0.0109,0.0246,-0.1947,-0.0743,10.1196,0.1196,0.0056,0.0063,-0.2093,0.0452
2,68,0.0056,0.0063,-0.2093,0.0452,10.0527,0.0527,-0.0006,-0.0185,-0.1377,0.0979
2,69,-0.0006,-0.0185,-0.1377,0.0979,9.9408,-0.0592,-0.0214,-0.0209,-0.0694,0.0387
2,70,-0.0214,-0.0209,-0.0694,0.0387,9.9001,-0.0999,-0.032,0.0006,-0.0807,-0.0612
2,71,-0.032,0.0006,-0.0807,-0.0612,9.9719,-0.0281,-0.021,0.0201,-0.156,-0.0893
2,72,-0.021,0.0201,-0.156,-0.0893,10.0801,0.0801,-0.0021,0.0154,-0.2052,-0.0092
2,73,-0.0021,0.0154,-0.2052,-0.0092,10.0855,0.0855,0.0026,-0.0069,-0.1717,0.0763
2,74,0.0026,-0.0069,-0.1717,0.0763,9.991,-0.009,-0.0115,-0.02,-0.0999,0.0673
2,75,-0.0115,-0.02,-0.0999,0.0673,9.918,-0.082,-0.0271,-0.0097,-0.0736,-0.0147
2,76,-0.0271,-0.0097,-0.0736,-0.0147,9.9372,-0.0628,-0.0263,0.0111,-0.1197,-0.0775
2,77,-0.0263,0.0111,-0.1197,-0.0775,10.027,0.027,-0.0109,0.0178,-0.1837,-0.0505
2,78,-0.0109,0.0178,-0.1837,-0.0505,10.0873,0.0873,0.0005,0.0035,-0.1906,0.0368
2,79,0.0005,0.0035,-0.1906,0.0368,10.0338,0.0338,-0.005,-0.0143,-0.1368,0.0706
2,80,-0.005,-0.0143,-0.1368,0.0706,9.954,-0.046,-0.0203,-0.0149,-0.0892,0.0246
2,81,-0.0203,-0.0149,-0.0892,0.0246,9.9278,-0.0722,-0.0274,0.0013,-0.1007,-0.0476
2,82,-0.0274,0.0013,-0.1007,-0.0476,9.9835,-0.0165,-0.0186,0.0151,-0.1565,-0.0641
2,83,-0.0186,0.0151,-0.1565,-0.0641,10.0611,0.0611,-0.0049,0.0106,-0.19,-0.003
2,84,-0.0049,0.0106,-0.19,-0.003,10.0604,0.0604,-0.0022,-0.0059,-0.1628,0.0574
2,85,-0.0022,-0.0059,-0.1628,0.0574,9.9904,-0.0096,-0.013,-0.0148,-0.1102,0.0478
2,86,-0.013,-0.0148,-0.1102,0.0478,9.9385,-0.0615,-0.0241,-0.0064,-0.0931,-0.0137
2,87,-0.0241,-0.0064,-0.0931,-0.0137,9.956,-0.044,-0.0228,0.0087,-0.1288,-0.0577
2,88,-0.0228,0.0087,-0.1288,-0.0577,10.0228,0.0228,-0.0112,0.0129,-0.175,-0.0349
2,89,-0.0112,0.0129,-0.175,-0.0349,10.0641,0.0641,-0.0033,0.0018,-0.1778,0.0293
2,90,-0.0033,0.0018,-0.1778,0.0293,10.0225,0.0225,-0.008,-0.011,-0.1373,0.0518
2,91,-0.008,-0.011,-0.1373,0.0518,9.9641,-0.0359,-0.0193,-0.0107,-0.1035,0.0159
2,92,-0.0193,-0.0107,-0.1035,0.0159,9.9473,-0.0527,-0.0241,0.0016,-0.1139,-0.0368
2,93,-0.0241,0.0016,-0.1139,-0.0368,9.9904,-0.0096,-0.0171,0.0113,-0.1556,-0.0464
2,94,-0.0171,0.0113,-0.1556,-0.0464,10.0465,0.0465,-0.007,0.0074,-0.1787,0.0001
2,95,-0.007,0.0074,-0.1787,0.0001,10.043,0.043,-0.0055,-0.0049,-0.1571,0.0431
2,96,-0.0055,-0.0049,-0.1571,0.0431,9.9912,-0.0088,-0.0139,-0.0111,-0.1184,0.0344
2,97,-0.0139,-0.0111,-0.1184,0.0344,9.9537,-0.0463,-0.0219,-0.0043,-0.1072,-0.012
2,98,-0.0219,-0.0043,-0.1072,-0.012,9.9689,-0.0311,-0.0205,0.0069,-0.1347,-0.0431
2,99,-0.0205,0.0069,-0.1347,-0.0431,10.0187,0.0187,-0.0117,0.0095,-0.1685,-0.0244
3,0,0.6644,-0.6278,-0.3664,0.5386,10.0841,0.0841,-0.1812,-0.9263,0.2142,0.6227
3,1,-0.1812,-0.9263,0.2142,0.6227,8.9008,-1.0992,-0.8641,-0.3321,0.2874,-0.4764
3,2,-0.8641,-0.3321,0.2874,-0.4764,9.367,-0.633,-0.7383,0.5669,-0.5056,-1.1094
3,3,-0.7383,0.5669,-0.5056,-1.1094,11.1424,1.1424,0.0478,0.8852,-1.0438,0.033
3,4,0.0478,0.8852,-1.0438,0.033,11.3159,1.3159,0.7259,0.3563,-0.3528,1.3489
3,5,0.7259,0.3563,-0.3528,1.3489,9.1599,-0.8401,0.6862,-0.4457,0.576,0.5088
3,6,0.6862,-0.4457,0.576,0.5088,9.6815,-0.3185,0.0254,-0.7689,0.9255,0.1903
3,7,0.0254,-0.7689,0.9255,0.1903,8.7462,-1.2538,-0.5919,-0.3638,0.4889,-1.0635
3,8,-0.5919,-0.3638,0.4889,-1.0635,10.1854,0.1854,-0.6125,0.3387,-0.482,-0.8781
3,9,-0.6125,0.3387,-0.482,-0.8781,10.8514,0.8514,-0.0737,0.6577,-0.9344,-0.0267
3,10,-0.0737,0.6577,-0.9344,-0.0267,10.994,0.994,0.4728,0.3432,-0.464,0.9673
3,11,0.4728,0.3432,-0.464,0.9673,9.7944,-0.2056,0.5311,-0.248,0.4005,0.7618
3,12,0.5311,-0.248,0.4005,0.7618,9.407,-0.593,0.1017,-0.5465,0.8657,0.1687
3,13,0.1017,-0.5465,0.8657,0.1687,9.0624,-0.9376,-0.3658,-0.3115,0.5657,-0.7689
3,14,-0.3658,-0.3115,0.5657,-0.7689,9.8946,-0.1054,-0.4409,0.1832,-0.2559,-0.8743
3,15,-0.4409,0.1832,-0.2559,-0.8743,10.7771,0.7771,-0.1017,0.448,-0.7416,-0.0972
3,16,-0.1017,0.448,-0.7416,-0.0972,10.7219,0.7219,0.2888,0.2681,-0.4779,0.6247
3,17,0.2888,0.2681,-0.4779,0.6247,10.2433,0.2433,0.3657,-0.1345,0.2685,0.868
3,18,0.3657,-0.1345,0.2685,0.868,9.2334,-0.7666,0.1026,-0.3574,0.7533,0.1014
3,19,0.1026,-0.3574,0.7533,0.1014,9.3379,-0.6621,-0.2115,-0.2186,0.5236,-0.5607
3,20,-0.2115,-0.2186,0.5236,-0.5607,9.8094,-0.1906,-0.2796,0.1005,-0.1323,-0.7513
3,21,-0.2796,0.1005,-0.1323,-0.7513,10.6195,0.6195,-0.0778,0.2778,-0.5738,-0.1317
3,22,-0.0778,0.2778,-0.5738,-0.1317,10.5212,0.5212,0.1656,0.1691,-0.445,0.3894
3,23,0.1656,0.1691,-0.445,0.3894,10.2816,0.2816,0.2154,-0.0824,0.0852,0.671
3,24,0.2154,-0.0824,0.0852,0.671,9.4691,-0.5309,0.0557,-0.2179,0.4908,0.1401
3,25,0.0557,-0.2179,0.4908,0.1401,9.4983,-0.5017,-0.1307,-0.125,0.38,-0.3616
3,26,-0.1307,-0.125,0.38,-0.3616,9.7908,-0.2092,-0.162,0.0719,-0.0862,-0.5708
3,27,-0.162,0.0719,-0.0862,-0.5708,10.4428,0.4428,-0.035,0.1673,-0.4355,-0.128
3,28,-0.035,0.1673,-0.4355,-0.128,10.3983,0.3983,0.1018,0.0845,-0.3644,0.2703
3,29,0.1018,0.0845,-0.3644,0.2703,10.1786,0.1786,0.1122,-0.0686,-0.0047,0.4489
3,30,0.1122,-0.0686,-0.0047,0.4489,9.6986,-0.3014,0.006,-0.1312,0.2935,0.1476
3,31,0.006,-0.1312,0.2935,0.1476,9.5913,-0.4087,-0.0933,-0.0524,0.2368,-0.2611
3,32,-0.0933,-0.0524,0.2368,-0.2611,9.8439,-0.1561,-0.0862,0.0683,-0.1023,-0.4171
3,33,-0.0862,0.0683,-0.1023,-0.4171,10.3358,0.3358,0.0033,0.1005,-0.3515,-0.0813
3,34,0.0033,0.1005,-0.3515,-0.0813,10.3243,0.3243,0.0703,0.0231,-0.2707,0.243
3,35,0.0703,0.0231,-0.2707,0.243,10.053,0.053,0.0473,-0.0681,-0.0012,0.296
3,36,0.0473,-0.0681,-0.0012,0.296,9.7293,-0.2707,-0.0297,-0.0766,0.1594,0.0253
3,37,-0.0297,-0.0766,0.1594,0.0253,9.7427,-0.2573,-0.0735,-0.004,0.0561,-0.232
3,38,-0.0735,-0.004,0.0561,-0.232,9.952,-0.048,-0.0425,0.0631,-0.1998,-0.2799
3,39,-0.0425,0.0631,-0.1998,-0.2799,10.2766,0.2766,0.0192,0.0531,-0.3415,-0.0033
3,40,0.0192,0.0531,-0.3415,-0.0033,10.2415,0.2415,0.04,-0.0151,-0.224,0.2382
3,41,0.04,-0.0151,-0.224,0.2382,9.9469,-0.0531,0.0007,-0.0598,-0.0123,0.1851
3,42,0.0007,-0.0598,-0.0123,0.1851,9.7614,-0.2386,-0.0493,-0.0342,0.0535,-0.0535
3,43,-0.0493,-0.0342,0.0535,-0.0535,9.8428,-0.1572,-0.0537,0.0266,-0.0786,-0.2107
3,44,-0.0537,0.0266,-0.0786,-0.2107,10.0688,0.0688,-0.0118,0.0523,-0.2549,-0.1419
3,45,-0.0118,0.0523,-0.2549,-0.1419,10.2374,0.2374,0.0253,0.0172,-0.2781,0.0955
3,46,0.0253,0.0172,-0.2781,0.0955,10.1009,0.1009,0.0166,-0.0345,-0.1322,0.1964
3,47,0.0166,-0.0345,-0.1322,0.1964,9.876,-0.124,-0.0246,-0.0434,0.0022,0.0724
3,48,-0.0246,-0.0434,0.0022,0.0724,9.8122,-0.1878,-0.0493,-0.0031,-0.0194,-0.1154
3,49,-0.0493,-0.0031,-0.0194,-0.1154,9.9462,-0.0538,-0.0312,0.0375,-0.1616,-0.1692
3,50,-0.0312,0.0375,-0.1616,-0.1692,10.1417,0.1417,0.0062,0.0327,-0.26,-0.0275
3,51,0.0062,0.0327,-0.26,-0.0275,10.1688,0.1688,0.0192,-0.0088,-0.2031,0.1413
3,52,0.0192,-0.0088,-0.2031,0.1413,9.9945,-0.0055,-0.005,-0.0374,-0.0645,0.1358
3,53,-0.005,-0.0374,-0.0645,0.1358,9.8456,-0.1544,-0.0361,-0.0215,-0.0059,-0.0186
3,54,-0.0361,-0.0215,-0.0059,-0.0186,9.8794,-0.1206,-0.0382,0.0176,-0.0848,-0.1391
3,55,-0.0382,0.0176,-0.0848,-0.1391,10.0339,0.0339,-0.0107,0.0341,-0.207,-0.1052
3,56,-0.0107,0.0341,-0.207,-0.1052,10.1608,0.1608,0.0129,0.0103,-0.2317,0.0556
3,57,0.0129,0.0103,-0.2317,0.0556,10.0778,0.0778,0.0058,-0.0242,-0.1372,0.1335
3,58,0.0058,-0.0242,-0.1372,0.1335,9.9236,-0.0764,-0.0224,-0.0292,-0.042,0.057
3,59,-0.0224,-0.0292,-0.042,0.057,9.863,-0.137,-0.0383,-0.0008,-0.0535,-0.08
3,60,-0.0383,-0.0008,-0.0535,-0.08,9.9581,-0.0419,-0.0245,0.0268,-0.1544,-0.1219
3,61,-0.0245,0.0268,-0.1544,-0.1219,10.1033,0.1033,0.0015,0.022,-0.2247,-0.0186
3,62,0.0015,0.022,-0.2247,-0.0186,10.1191,0.1191,0.0092,-0.0078,-0.1837,0.1005
3,63,0.0092,-0.0078,-0.1837,0.1005,9.9934,-0.0066,-0.009,-0.027,-0.0865,0.0939
3,64,-0.009,-0.027,-0.0865,0.0939,9.8914,-0.1086,-0.0308,-0.0144,-0.0469,-0.0147
3,65,-0.0308,-0.0144,-0.0469,-0.0147,9.9109,-0.0891,-0.0311,0.0138,-0.1062,-0.1038
3,66,-0.0311,0.0138,-0.1062,-0.1038,10.0308,0.0308,-0.0108,0.0244,-0.1946,-0.073
3,67,-0.0108,0.0244,-0.1946,-0.073,10.1184,0.1184,0.0055,0.0061,-0.2084,0.0454
3,68,0.0055,0.0061,-0.2084,0.0454,10.0514,0.0514,-0.0009,-0.0184,-0.1373,0.0968
3,69,-0.0009,-0.0184,-0.1373,0.0968,9.9409,-0.0591,-0.0214,-0.0206,-0.07,0.0377
3,70,-0.0214,-0.0206,-0.07,0.0377,9.9012,-0.0988,-0.0319,0.0007,-0.0817,-0.0611
3,71,-0.0319,0.0007,-0.0817,-0.0611,9.9728,-0.0272,-0.0208,0.0199,-0.1564,-0.0882
3,72,-0.0208,0.0199,-0.1564,-0.0882,10.0797,0.0797,-0.0021,0.0151,-0.2047,-0.0085
3,73,-0.0021,0.0151,-0.2047,-0.0085,10.0843,0.0843,0.0024,-0.0069,-0.1711,0.0757
3,74,0.0024,-0.0069,-0.1711,0.0757,9.9906,-0.0094,-0.0116,-0.0198,-0.1001,0.0663
3,75,-0.0116,-0.0198,-0.1001,0.0663,9.9186,-0.0814,-0.027,-0.0094,-0.0744,-0.015
3,76,-0.027,-0.0094,-0.0744,-0.015,9.9381,-0.0619,-0.0261,0.011,-0.1203,-0.0769
3,77,-0.0261,0.011,-0.1203,-0.0769,10.0273,0.0273,-0.0108,0.0176,-0.1836,-0.0496
3,78,-0.0108,0.0176,-0.1836,-0.0496,10.0864,0.0864,0.0004,0.0034,-0.1899,0.0368
3,79,0.0004,0.0034,-0.1899,0.0368,10.033,0.033,-0.0052,-0.0142,-0.1366,0.0698
3,80,-0.0052,-0.0142,-0.1366,0.0698,9.9542,-0.0458,-0.0204,-0.0147,-0.0897,0.024
3,81,-0.0204,-0.0147,-0.0897,0.024,9.9286,-0.0714,-0.0273,0.0014,-0.1014,-0.0474
3,82,-0.0273,0.0014,-0.1014,-0.0474,9.9841,-0.0159,-0.0185,0.0149,-0.1567,-0.0633
3,83,-0.0185,0.0149,-0.1567,-0.0633,10.0608,0.0608,-0.0049,0.0105,-0.1897,-0.0025
3,84,-0.0049,0.0105,-0.1897,-0.0025,10.0595,0.0595,-0.0023,-0.0059,-0.1624,0.057
3,85,-0.0023,-0.0059,-0.1624,0.057,9.9902,-0.0098,-0.0131,-0.0147,-0.1103,0.0472
3,86,-0.0131,-0.0147,-0.1103,0.0472,9.939,-0.061,-0.0241,-0.0063,-0.0937,-0.0139
3,87,-0.0241,-0.0063,-0.0937,-0.0139,9.9567,-0.0433,-0.0227,0.0087,-0.1292,-0.0572
3,88,-0.0227,0.0087,-0.1292,-0.0572,10.0229,0.0229,-0.0112,0.0128,-0.1749,-0.0342
3,89,-0.0112,0.0128,-0.1749,-0.0342,10.0635,0.0635,-0.0034,0.0017,-0.1774,0.0293
3,90,-0.0034,0.0017,-0.1774,0.0293,10.022,0.022,-0.0081,-0.0109,-0.1371,0.0513
3,91,-0.0081,-0.0109,-0.1371,0.0513,9.9642,-0.0358,-0.0193,-0.0106,-0.1038,0.0154
3,92,-0.0193,-0.0106,-0.1038,0.0154,9.9479,-0.0521,-0.024,0.0017,-0.1144,-0.0367
3,93,-0.024,0.0017,-0.1144,-0.0367,9.9908,-0.0092,-0.017,0.0112,-0.1557,-0.0459
3,94,-0.017,0.0112,-0.1557,-0.0459,10.0462,0.0462,-0.007,0.0073,-0.1784,0.0004
3,95,-0.007,0.0073,-0.1784,0.0004,10.0424,0.0424,-0.0056,-0.0049,-0.1569,0.0428
3,96,-0.0056,-0.0049,-0.1569,0.0428,9.9911,-0.0089,-0.0139,-0.011,-0.1185,0.0339
3,97,-0.0139,-0.011,-0.1185,0.0339,9.954,-0.046,-0.0219,-0.0042,-0.1076,-0.0121
3,98,-0.0219,-0.0042,-0.1076,-0.0121,9.9694,-0.0306,-0.0204,0.0069,-0.1351,-0.0427
3,99,-0.0204,0.0069,-0.1351,-0.0427,10.0188,0.0188,-0.0116,0.0094,-0.1684,-0.024
4,0,0.6438,-0.6195,-0.3548,0.5489,10.0389,0.0389,-0.1848,-0.9036,0.2136,0.5878
4,1,-0.1848,-0.9036,0.2136,0.5878,8.9357,-1.0643,-0.8473,-0.3169,0.2692,-0.4765
4,2,-0.8473,-0.3169,0.2692,-0.4765,9.3764,-0.6236,-0.7172,0.5595,-0.519,-1.1001
4,3,-0.7172,0.5595,-0.519,-1.1001,11.1516,1.1516,0.0524,0.8623,-1.0433,0.0515
4,4,0.0524,0.8623,-1.0433,0.0515,11.2967,1.2967,0.7093,0.3401,-0.3435,1.3481
4,5,0.7093,0.3401,-0.3435,1.3481,9.1513,-0.8487,0.664,-0.4397,0.5803,0.4994
4,6,0.664,-0.4397,0.5803,0.4994,9.6722,-0.3278,0.0185,-0.7468,0.9158,0.1716
4,7,0.0185,-0.7468,0.9158,0.1716,8.7819,-1.2181,-0.5775,-0.3467,0.4783,-1.0466
4,8,-0.5775,-0.3467,0.4783,-1.0466,10.1858,0.1858,-0.5907,0.3349,-0.4753,-0.8607
4,9,-0.5907,0.3349,-0.4753,-0.8607,10.8409,0.8409,-0.0647,0.638,-0.9156,-0.0198
4,10,-0.0647,0.638,-0.9156,-0.0198,10.977,0.977,0.4619,0.3264,-0.4469,0.9572
4,11,0.4619,0.3264,-0.4469,0.9572,9.7941,-0.2059,0.5118,-0.2465,0.4074,0.7513
4,12,0.5118,-0.2465,0.4074,0.7513,9.3976,-0.6024,0.0928,-0.529,0.8575,0.1489
4,13,0.0928,-0.529,0.8575,0.1489,9.083,-0.917,-0.3564,-0.2952,0.5479,-0.7681
4,14,-0.3564,-0.2952,0.5479,-0.7681,9.9164,-0.0836,-0.4228,0.1827,-0.2619,-0.8516
4,15,-0.4228,0.1827,-0.2619,-0.8516,10.766,0.766,-0.0925,0.4321,-0.7305,-0.0856
4,16,-0.0925,0.4321,-0.7305,-0.0856,10.7084,0.7084,0.2811,0.2527,-0.4619,0.6228
4,17,0.2811,0.2527,-0.4619,0.6228,10.2224,0.2224,0.3492,-0.135,0.272,0.8451
4,18,0.3492,-0.135,0.272,0.8451,9.2406,-0.7594,0.0932,-0.3435,0.7374,0.0857
4,19,0.0932,-0.3435,0.7374,0.0857,9.3559,-0.6441,-0.2057,-0.2046,0.5011,-0.5584
4,20,-0.2057,-0.2046,0.5011,-0.5584,9.8335,-0.1665,-0.2656,0.1015,-0.1405,-0.7249
4,21,-0.2656,0.1015,-0.1405,-0.7249,10.6011,0.6011,-0.0696,0.266,-0.5649,-0.1238
4,22,-0.0696,0.266,-0.5649,-0.1238,10.51,0.51,0.1605,0.1565,-0.4337,0.3862
4,23,0.1605,0.1565,-0.4337,0.3862,10.2591,0.2591,0.2024,-0.084,0.0821,0.6453
4,24,0.2024,-0.084,0.0821,0.6453,9.4899,-0.5101,0.047,-0.2083,0.4723,0.1352
4,25,0.047,-0.2083,0.4723,0.1352,9.5078,-0.4922,-0.1282,-0.114,0.3613,-0.357
4,26,-0.1282,-0.114,0.3613,-0.357,9.8079,-0.1921,-0.1521,0.0742,-0.0917,-0.5491
4,27,-0.1521,0.0742,-0.0917,-0.5491,10.4282,0.4282,-0.0278,0.1598,-0.4267,-0.1209
4,28,-0.0278,0.1598,-0.4267,-0.1209,10.3946,0.3946,0.0998,0.0751,-0.3503,0.2737
4,29,0.0998,0.0751,-0.3503,0.2737,10.157,0.157,0.1039,-0.0709,0.0019,0.4307
4,30,0.1039,-0.0709,0.0019,0.4307,9.6957,-0.3043,-0.0003,-0.125,0.2805,0.1265
4,31,-0.0003,-0.125,0.2805,0.1265,9.6109,-0.3891,-0.0922,-0.0449,0.2125,-0.2626
4,32,-0.0922,-0.0449,0.2125,-0.2626,9.8642,-0.1358,-0.0804,0.0695,-0.118,-0.3984
4,33,-0.0804,0.0695,-0.118,-0.3984,10.3278,0.3278,0.0069,0.0949,-0.3524,-0.0705
4,34,0.0069,0.0949,-0.3524,-0.0705,10.3182,0.3182,0.0676,0.017,-0.2638,0.2477
4,35,0.0676,0.017,-0.2638,0.2477,10.0353,0.0353,0.0411,-0.0686,0.0015,0.283
4,36,0.0411,-0.0686,0.0015,0.283,9.728,-0.272,-0.0335,-0.0714,0.1485,0.011
4,37,-0.0335,-0.0714,0.1485,0.011,9.7547,-0.2453,-0.0718,0.001,0.0369,-0.2343
4,38,-0.0718,0.001,0.0369,-0.2343,9.9695,-0.0305,-0.0382,0.0629,-0.2126,-0.2648
4,39,-0.0382,0.0629,-0.2126,-0.2648,10.2723,0.2723,0.0209,0.0483,-0.3413,0.0075
4,40,0.0209,0.0483,-0.3413,0.0075,10.231,0.231,0.037,-0.0191,-0.2183,0.2385
4,41,0.037,-0.0191,-0.2183,0.2385,9.9349,-0.0651,-0.004,-0.059,-0.0124,0.1734
4,42,-0.004,-0.059,-0.0124,0.1734,9.7641,-0.2359,-0.0513,-0.0298,0.043,-0.0625
4,43,-0.0513,-0.0298,0.043,-0.0625,9.8537,-0.1463,-0.0516,0.0297,-0.0926,-0.2088
4,44,-0.0516,0.0297,-0.0926,-0.2088,10.0817,0.0817,-0.0086,0.0511,-0.2605,-0.1271
4,45,-0.0086,0.0511,-0.2605,-0.1271,10.235,0.235,0.0259,0.0135,-0.27,0.108
4,46,0.0259,0.0135,-0.27,0.108,10.0837,0.0837,0.0142,-0.0364,-0.1202,0.1917
4,47,0.0142,-0.0364,-0.1202,0.1917,9.8667,-0.1333,-0.0269,-0.0414,0.0049,0.0584
4,48,-0.0269,-0.0414,0.0049,0.0584,9.8184,-0.1816,-0.049,0.0002,-0.0275,-0.1232
4,49,-0.049,0.0002,-0.0275,-0.1232,9.9589,-0.0411,-0.0286,0.0382,-0.1712,-0.1642
4,50,-0.0286,0.0382,-0.1712,-0.1642,10.1502,0.1502,0.0078,0.0303,-0.2603,-0.0141
4,51,0.0078,0.0303,-0.2603,-0.0141,10.1593,0.1593,0.0181,-0.0115,-0.1947,0.1453
4,52,0.0181,-0.0115,-0.1947,0.1453,9.9828,-0.0172,-0.0074,-0.0372,-0.058,0.1281
4,53,-0.0074,-0.0372,-0.058,0.1281,9.8436,-0.1564,-0.0371,-0.0189,-0.0081,-0.0283
4,54,-0.0371,-0.0189,-0.0081,-0.0283,9.8879,-0.1121,-0.0367,0.0197,-0.0924,-0.1404
4,55,-0.0367,0.0197,-0.0924,-0.1404,10.044,0.044,-0.0085,0.0333,-0.2108,-0.0964
4,56,-0.0085,0.0333,-0.2108,-0.0964,10.1605,0.1605,0.0134,0.0077,-0.227,0.0641
4,57,0.0134,0.0077,-0.227,0.0641,10.0666,0.0666,0.0041,-0.0256,-0.1297,0.1306
4,58,0.0041,-0.0256,-0.1297,0.1306,9.917,-0.083,-0.0242,-0.028,-0.0406,0.0476
4,59,-0.0242,-0.028,-0.0406,0.0476,9.8661,-0.1339,-0.0383,0.0014,-0.0599,-0.0863
4,60,-0.0383,0.0014,-0.0599,-0.0863,9.9675,-0.0325,-0.0229,0.0274,-0.1625,-0.1188
4,61,-0.0229,0.0274,-0.1625,-0.1188,10.1103,0.1103,0.0025,0.0204,-0.2262,-0.0085
4,62,0.0025,0.0204,-0.2262,-0.0085,10.113,0.113,0.0084,-0.0097,-0.1783,0.1044
4,63,0.0084,-0.0097,-0.1783,0.1044,9.9845,-0.0155,-0.0107,-0.0269,-0.0816,0.0889
4,64,-0.0107,-0.0269,-0.0816,0.0889,9.8887,-0.1113,-0.0315,-0.0125,-0.0483,-0.0224
4,65,-0.0315,-0.0125,-0.0483,-0.0224,9.9172,-0.0828,-0.03,0.0153,-0.1121,-0.1052
4,66,-0.03,0.0153,-0.1121,-0.1052,10.0396,0.0396,-0.0092,0.0238,-0.1976,-0.0656
4,67,-0.0092,0.0238,-0.1976,-0.0656,10.1173,0.1173,0.0057,0.0042,-0.2045,0.0517
4,68,0.0057,0.0042,-0.2045,0.0517,10.0427,0.0427,-0.0021,-0.0193,-0.1315,0.0944
4,69,-0.0021,-0.0193,-0.1315,0.0944,9.9362,-0.0638,-0.0226,-0.0196,-0.0691,0.0305
4,70,-0.0226,-0.0196,-0.0691,0.0305,9.904,-0.096,-0.0317,0.0023,-0.0865,-0.0655
4,71,-0.0317,0.0023,-0.0865,-0.0655,9.9802,-0.0198,-0.0197,0.0203,-0.1619,-0.0853
4,72,-0.0197,0.0203,-0.1619,-0.0853,10.084,0.084,-0.0014,0.0139,-0.2052,-0.0013
4,73,-0.0014,0.0139,-0.2052,-0.0013,10.0793,0.0793,0.0018,-0.0082,-0.1669,0.0779
4,74,0.0018,-0.0082,-0.1669,0.0779,9.9844,-0.0156,-0.0128,-0.0197,-0.0968,0.0623
4,75,-0.0128,-0.0197,-0.0968,0.0623,9.9173,-0.0827,-0.0274,-0.0081,-0.0758,-0.0204
4,76,-0.0274,-0.0081,-0.0758,-0.0204,9.943,-0.057,-0.0253,0.012,-0.1247,-0.0774
4,77,-0.0253,0.012,-0.1247,-0.0774,10.0333,0.0333,-0.0098,0.0171,-0.1855,-0.0441
4,78,-0.0098,0.0171,-0.1855,-0.0441,10.0852,0.0852,0.0005,0.002,-0.187,0.0411
4,79,0.0005,0.002,-0.187,0.0411,10.0271,0.0271,-0.0061,-0.0148,-0.1324,0.0682
4,80,-0.0061,-0.0148,-0.1324,0.0682,9.9507,-0.0493,-0.0212,-0.0139,-0.0888,0.0188
4,81,-0.0212,-0.0139,-0.0888,0.0188,9.9308,-0.0692,-0.0271,0.0026,-0.1046,-0.0504
4,82,-0.0271,0.0026,-0.1046,-0.0504,9.9894,-0.0106,-0.0176,0.0151,-0.1603,-0.061
4,83,-0.0176,0.0151,-0.1603,-0.061,10.0635,0.0635,-0.0044,0.0095,-0.1896,0.0025
4,84,-0.0044,0.0095,-0.1896,0.0025,10.0557,0.0557,-0.0028,-0.0068,-0.1592,0.0582
4,85,-0.0028,-0.0068,-0.1592,0.0582,9.9858,-0.0142,-0.014,-0.0145,-0.1082,0.0439
4,86,-0.014,-0.0145,-0.1082,0.0439,9.9383,-0.0617,-0.0243,-0.0053,-0.0951,-0.0178
4,87,-0.0243,-0.0053,-0.0951,-0.0178,9.9605,-0.0395,-0.0221,0.0094,-0.1326,-0.0573
4,88,-0.0221,0.0094,-0.1326,-0.0573,10.0273,0.0273,-0.0104,0.0123,-0.1763,-0.03
4,89,-0.0104,0.0123,-0.1763,-0.03,10.0623,0.0623,-0.0033,0.0008,-0.1751,0.0323
4,90,-0.0033,0.0008,-0.1751,0.0323,10.0179,0.0179,-0.0088,-0.0113,-0.1339,0.0502
4,91,-0.0088,-0.0113,-0.1339,0.0502,9.9615,-0.0385,-0.0199,-0.0099,-0.103,0.0116
4,92,-0.0199,-0.0099,-0.103,0.0116,9.9495,-0.0505,-0.0237,0.0025,-0.1166,-0.0388
4,93,-0.0237,0.0025,-0.1166,-0.0388,9.9948,-0.0052,-0.0163,0.0113,-0.1581,-0.044
4,94,-0.0163,0.0113,-0.1581,-0.044,10.048,0.048,-0.0067,0.0065,-0.1781,0.004
4,95,-0.0067,0.0065,-0.1781,0.004,10.0394,0.0394,-0.006,-0.0056,-0.1544,0.0434
4,96,-0.006,-0.0056,-0.1544,0.0434,9.9879,-0.0121,-0.0146,-0.0108,-0.1171,0.0313
4,97,-0.0146,-0.0108,-0.1171,0.0313,9.9537,-0.0463,-0.0221,-0.0035,-0.1089,-0.015
4,98,-0.0221,-0.0035,-0.1089,-0.015,9.9723,-0.0277,-0.0199,0.0073,-0.1377,-0.0427
4,99,-0.0199,0.0073,-0.1377,-0.0427,10.022,0.022,-0.0111,0.009,-0.1694,-0.0207
5,0,0.602,-0.6083,-0.3221,0.5926,9.8874,-0.1126,-0.1963,-0.8602,0.2142,0.4801
5,1,-0.1963,-0.8602,0.2142,0.4801,9.0897,-0.9103,-0.8176,-0.2835,0.2391,-0.4303
5,2,-0.8176,-0.2835,0.2391,-0.4303,9.3029,-0.6971,-0.6741,0.5498,-0.5396,-1.1273
5,3,-0.6741,0.5498,-0.5396,-1.1273,11.2142,1.2142,0.0666,0.8193,-1.0599,0.0869
5,4,0.0666,0.8193,-1.0599,0.0869,11.2785,1.2785,0.6802,0.3037,-0.3337,1.3654
5,5,0.6802,0.3037,-0.3337,1.3654,9.1097,-0.8903,0.6182,-0.4343,0.5865,0.475
5,6,0.6182,-0.4343,0.5865,0.475,9.653,-0.347,-0.0016,-0.7049,0.888,0.128
5,7,-0.0016,-0.7049,0.888,0.128,8.8562,-1.1438,-0.5546,-0.3094,0.444,-1.0158
5,8,-0.5546,-0.3094,0.444,-1.0158,10.1962,0.1962,-0.5482,0.3332,-0.4737,-0.8196
5,9,-0.5482,0.3332,-0.4737,-0.8196,10.8211,0.8211,-0.0428,0.6015,-0.8828,0.0014
5,10,-0.0428,0.6015,-0.8828,0.0014,10.9476,0.9476,0.4447,0.291,-0.4075,0.949
5,11,0.4447,0.291,-0.4075,0.949,9.7735,-0.2265,0.4744,-0.248,0.4283,0.7225
5,12,0.4744,-0.248,0.4283,0.7225,9.3809,-0.6191,0.072,-0.4967,0.8413,0.1034
5,13,0.072,-0.4967,0.8413,0.1034,9.1208,-0.8792,-0.3416,-0.2617,0.5051,-0.7758
5,14,-0.3416,-0.2617,0.5051,-0.7758,9.9774,-0.0226,-0.3885,0.1849,-0.282,-0.7984
5,15,-0.3885,0.1849,-0.282,-0.7984,10.7354,0.7354,-0.0726,0.4028,-0.7127,-0.063
5,16,-0.0726,0.4028,-0.7127,-0.063,10.6897,0.6897,0.2681,0.2216,-0.4309,0.6267
5,17,0.2681,0.2216,-0.4309,0.6267,10.1753,0.1753,0.3174,-0.1385,0.2834,0.802
5,18,0.3174,-0.1385,0.2834,0.802,9.2449,-0.7551,0.0733,-0.3179,0.7079,0.0469
5,19,0.0733,-0.3179,0.7079,0.0469,9.3984,-0.6016,-0.1965,-0.1764,0.4539,-0.5547
5,20,-0.1965,-0.1764,0.4539,-0.5547,9.8838,-0.1162,-0.239,0.1052,-0.1589,-0.6709
5,21,-0.239,0.1052,-0.1589,-0.6709,10.5653,0.5653,-0.0525,0.2441,-0.5471,-0.1056
5,22,-0.0525,0.2441,-0.5471,-0.1056,10.4884,0.4884,0.1522,0.1318,-0.4085,0.3828
5,23,0.1522,0.1318,-0.4085,0.3828,10.2133,0.2133,0.1782,-0.0886,0.0809,0.5961
5,24,0.1782,-0.0886,0.0809,0.5961,9.5272,-0.4728,0.0297,-0.1905,0.4406,0.1233
5,25,0.0297,-0.1905,0.4406,0.1233,9.5244,-0.4756,-0.124,-0.0924,0.3261,-0.3523
5,26,-0.124,-0.0924,0.3261,-0.3523,9.845,-0.155,-0.1333,0.0796,-0.1036,-0.5073
5,27,-0.1333,0.0796,-0.1036,-0.5073,10.399,0.399,-0.0134,0.146,-0.4114,-0.1082
5,28,-0.0134,0.146,-0.4114,-0.1082,10.3911,0.3911,0.0967,0.0568,-0.3241,0.2828
5,29,0.0967,0.0568,-0.3241,0.2828,10.1144,0.1144,0.088,-0.0762,0.0159,0.3972
5,30,0.088,-0.0762,0.0159,0.3972,9.6867,-0.3133,-0.013,-0.1135,0.2564,0.0838
5,31,-0.013,-0.1135,0.2564,0.0838,9.6469,-0.3531,-0.0908,-0.03,0.1637,-0.2692
5,32,-0.0908,-0.03,0.1637,-0.2692,9.9083,-0.0917,-0.0693,0.0723,-0.1513,-0.3609
5,33,-0.0693,0.0723,-0.1513,-0.3609,10.3182,0.3182,0.0141,0.0845,-0.3532,-0.0427
5,34,0.0141,0.0845,-0.3532,-0.0427,10.3002,0.3002,0.0629,0.0053,-0.2458,0.2574
5,35,0.0629,0.0053,-0.2458,0.2574,9.9982,-0.0018,0.0295,-0.0696,0.0107,0.2556
5,36,0.0295,-0.0696,0.0107,0.2556,9.7263,-0.2737,-0.0404,-0.0616,0.1294,-0.0181
5,37,-0.0404,-0.0616,0.1294,-0.0181,9.7789,-0.2211,-0.0683,0.0106,0.0008,-0.2391
5,38,-0.0683,0.0106,0.0008,-0.2391,10.0088,0.0088,-0.0299,0.0622,-0.234,-0.2304
5,39,-0.0299,0.0622,-0.234,-0.2304,10.2646,0.2646,0.0241,0.0393,-0.332,0.0343
5,40,0.0241,0.0393,-0.332,0.0343,10.2004,0.2004,0.0317,-0.0259,-0.1975,0.2347
5,41,0.0317,-0.0259,-0.1975,0.2347,9.9119,-0.0881,-0.0117,-0.0566,-0.0069,0.1466
5,42,-0.0117,-0.0566,-0.0069,0.1466,9.7707,-0.2293,-0.0534,-0.0217,0.025,-0.0827
5,43,-0.0534,-0.0217,0.025,-0.0827,9.879,-0.121,-0.0468,0.0344,-0.1182,-0.2037
5,44,-0.0468,0.0344,-0.1182,-0.2037,10.1048,0.1048,-0.0032,0.0476,-0.2695,-0.0989
5,45,-0.0032,0.0476,-0.2695,-0.0989,10.2264,0.2264,0.0257,0.0063,-0.2552,0.1275
5,46,0.0257,0.0063,-0.2552,0.1275,10.0547,0.0547,0.0089,-0.0389,-0.1003,0.1822
5,47,0.0089,-0.0389,-0.1003,0.1822,9.8513,-0.1487,-0.0311,-0.0367,0.0076,0.0335
5,48,-0.0311,-0.0367,0.0076,0.0335,9.8316,-0.1684,-0.0473,0.0064,-0.0431,-0.1349
5,49,-0.0473,0.0064,-0.0431,-0.1349,9.9828,-0.0172,-0.0233,0.039,-0.1866,-0.1521
5,50,-0.0233,0.039,-0.1866,-0.1521,10.1627,0.1627,0.0108,0.025,-0.2573,0.0106
5,51,0.0108,0.025,-0.2573,0.0106,10.139,0.139,0.0156,-0.0165,-0.1773,0.1495
5,52,0.0156,-0.0165,-0.1773,0.1495,9.9599,-0.0401,-0.0123,-0.0365,-0.0478,0.1094
5,53,-0.0123,-0.0365,-0.0478,0.1094,9.8446,-0.1554,-0.0388,-0.0136,-0.0161,-0.0459
5,54,-0.0388,-0.0136,-0.0161,-0.0459,9.9056,-0.0944,-0.0336,0.0233,-0.1092,-0.1403
5,55,-0.0336,0.0233,-0.1092,-0.1403,10.0647,0.0647,-0.0045,0.0314,-0.2171,-0.0756
5,56,-0.0045,0.0314,-0.2171,-0.0756,10.1547,0.1547,0.0137,0.0029,-0.2154,0.0791
5,57,0.0137,0.0029,-0.2154,0.0791,10.0438,0.0438,0.0009,-0.0276,-0.1144,0.1229
5,58,0.0009,-0.0276,-0.1144,0.1229,9.9057,-0.0943,-0.027,-0.0251,-0.0386,0.0286
5,59,-0.027,-0.0251,-0.0386,0.0286,9.8748,-0.1252,-0.0374,0.0055,-0.0726,-0.0966
5,60,-0.0374,0.0055,-0.0726,-0.0966,9.9855,-0.0145,-0.0197,0.0278,-0.1764,-0.1111
5,61,-0.0197,0.0278,-0.1764,-0.1111,10.1208,0.1208,0.0041,0.0168,-0.2271,0.0097
5,62,0.0041,0.0168,-0.2271,0.0097,10.0992,0.0992,0.0064,-0.013,-0.1678,0.109
5,63,0.0064,-0.013,-0.1678,0.109,9.9686,-0.0314,-0.0142,-0.0261,-0.0745,0.0776
5,64,-0.0142,-0.0261,-0.0745,0.0776,9.8864,-0.1136,-0.0325,-0.0086,-0.0538,-0.0361
5,65,-0.0325,-0.0086,-0.0538,-0.0361,9.931,-0.069,-0.0276,0.0177,-0.1243,-0.1051
5,66,-0.0276,0.0177,-0.1243,-0.1051,10.0549,0.0549,-0.0064,0.0221,-0.2019,-0.0502
5,67,-0.0064,0.0221,-0.2019,-0.0502,10.1125,0.1125,0.0058,0.0007,-0.1959,0.0623
5,68,0.0058,0.0007,-0.1959,0.0623,10.0268,0.0268,-0.0046,-0.0206,-0.1202,0.0891
5,69,-0.0046,-0.0206,-0.1202,0.0891,9.9275,-0.0725,-0.0246,-0.0173,-0.0674,0.0166
5,70,-0.0246,-0.0173,-0.0674,0.0166,9.9107,-0.0893,-0.0309,0.0053,-0.0955,-0.0727
5,71,-0.0309,0.0053,-0.0955,-0.0727,9.9945,-0.0055,-0.0171,0.0205,-0.171,-0.0783
5,72,-0.0171,0.0205,-0.171,-0.0783,10.0902,0.0902,-0.0002,0.0111,-0.2042,0.0119
5,73,-0.0002,0.0111,-0.2042,0.0119,10.0682,0.0682,0.0002,-0.0106,-0.1583,0.08
5,74,0.0002,-0.0106,-0.1583,0.08,9.973,-0.027,-0.0153,-0.019,-0.0917,0.0531
5,75,-0.0153,-0.019,-0.0917,0.0531,9.9164,-0.0836,-0.0281,-0.0052,-0.0805,-0.0305
5,76,-0.0281,-0.0052,-0.0805,-0.0305,9.9537,-0.0463,-0.0235,0.0137,-0.1341,-0.0768
5,77,-0.0235,0.0137,-0.1341,-0.0768,10.0444,0.0444,-0.0078,0.0157,-0.1888,-0.0324
5,78,-0.0078,0.0157,-0.1888,-0.0324,10.0811,0.0811,0.0004,-0.0006,-0.1806,0.0486
5,79,0.0004,-0.0006,-0.1806,0.0486,10.0159,0.0159,-0.008,-0.0155,-0.124,0.0646
5,80,-0.008,-0.0155,-0.124,0.0646,9.9441,-0.0559,-0.0225,-0.0121,-0.0874,0.0086
5,81,-0.0225,-0.0121,-0.0874,0.0086,9.9359,-0.0641,-0.0263,0.0048,-0.1109,-0.0555
5,82,-0.0263,0.0048,-0.1109,-0.0555,9.9999,-0.0001,-0.0156,0.0151,-0.1664,-0.0556
5,83,-0.0156,0.0151,-0.1664,-0.0556,10.0675,0.0675,-0.0035,0.0074,-0.1882,0.0119
5,84,-0.0035,0.0074,-0.1882,0.0119,10.0472,0.0472,-0.004,-0.0086,-0.1527,0.0591
5,85,-0.004,-0.0086,-0.1527,0.0591,9.9776,-0.0224,-0.0158,-0.0139,-0.1048,0.0367
5,86,-0.0158,-0.0139,-0.1048,0.0367,9.9381,-0.0619,-0.0248,-0.0031,-0.0991,-0.0252
5,87,-0.0248,-0.0031,-0.0991,-0.0252,9.9687,-0.0313,-0.0207,0.0106,-0.1399,-0.0565
5,88,-0.0207,0.0106,-0.1399,-0.0565,10.0354,0.0354,-0.009,0.0113,-0.1787,-0.0211
5,89,-0.009,0.0113,-0.1787,-0.0211,10.0589,0.0589,-0.0035,-0.0012,-0.1703,0.0378
5,90,-0.0035,-0.0012,-0.1703,0.0378,10.0095,0.0095,-0.0102,-0.0118,-0.1278,0.0472
5,91,-0.0102,-0.0118,-0.1278,0.0472,9.9567,-0.0433,-0.0209,-0.0085,-0.1022,0.004
5,92,-0.0209,-0.0085,-0.1022,0.004,9.9536,-0.0464,-0.0231,0.0042,-0.1214,-0.0424
5,93,-0.0231,0.0042,-0.1214,-0.0424,10.0026,0.0026,-0.0148,0.0113,-0.1625,-0.0398
5,94,-0.0148,0.0113,-0.1625,-0.0398,10.0507,0.0507,-0.0061,0.0049,-0.1769,0.0109
5,95,-0.0061,0.0049,-0.1769,0.0109,10.033,0.033,-0.007,-0.0069,-0.1495,0.0439
5,96,-0.007,-0.0069,-0.1495,0.0439,9.9818,-0.0182,-0.016,-0.0103,-0.1148,0.0257
5,97,-0.016,-0.0103,-0.1148,0.0257,9.9539,-0.0461,-0.0224,-0.0019,-0.1121,-0.0204
5,98,-0.0224,-0.0019,-0.1121,-0.0204,9.9786,-0.0214,-0.0189,0.0082,-0.1432,-0.0418
5,99,-0.0189,0.0082,-0.1432,-0.0418,10.0279,0.0279,-0.0101,0.0082,-0.1711,-0.0139
6,0,0.6255,-0.668,-0.3587,0.5495,9.995,-0.005,-0.2357,-0.915,0.1883,0.5445
6,1,-0.2357,-0.915,0.1883,0.5445,9.1038,-0.8962,-0.8856,-0.2817,0.2846,-0.3517
6,2,-0.8856,-0.2817,0.2846,-0.3517,9.1285,-0.8715,-0.7069,0.6114,-0.5029,-1.2233
6,3,-0.7069,0.6114,-0.5029,-1.2233,11.2875,1.2875,0.1016,0.8832,-1.0824,0.0643
6,4,0.1016,0.8832,-1.0824,0.0643,11.3913,1.3913,0.7519,0.3072,-0.3224,1.4556
6,5,0.7519,0.3072,-0.3224,1.4556,8.9877,-1.0123,0.6609,-0.4919,0.627,0.4433
6,6,0.6609,-0.4919,0.627,0.4433,9.678,-0.322,-0.0254,-0.7686,0.9092,0.1213
6,7,-0.0254,-0.7686,0.9092,0.1213,8.7837,-1.2163,-0.6203,-0.3224,0.4224,-1.095
6,8,-0.6203,-0.3224,0.4224,-1.095,10.2666,0.2666,-0.5962,0.3796,-0.5393,-0.8284
6,9,-0.5962,0.3796,-0.5393,-0.8284,10.8551,0.8551,-0.0326,0.6615,-0.9402,0.0267
6,10,-0.0326,0.6615,-0.9402,0.0267,11.0129,1.0129,0.4984,0.3105,-0.407,1.0396
6,11,0.4984,0.3105,-0.407,1.0396,9.6621,-0.3379,0.5204,-0.2827,0.4636,0.7017
6,12,0.5204,-0.2827,0.4636,0.7017,9.4181,-0.5819,0.0692,-0.5511,0.8743,0.1198
6,13,0.0692,-0.5511,0.8743,0.1198,9.0347,-0.9653,-0.3874,-0.2862,0.5114,-0.8456
6,14,-0.3874,-0.2862,0.5114,-0.8456,10.0305,0.0305,-0.4342,0.2107,-0.3189,-0.815
6,15,-0.4342,0.2107,-0.3189,-0.815,10.7526,0.7526,-0.0773,0.4521,-0.7576,-0.0625
6,16,-0.0773,0.4521,-0.7576,-0.0625,10.7514,0.7514,0.3051,0.2487,-0.4444,0.6889
6,17,0.3051,0.2487,-0.4444,0.6889,10.1602,0.1602,0.3601,-0.1559,0.3246,0.8491
6,18,0.3601,-0.1559,0.3246,0.8491,9.2016,-0.7984,0.0839,-0.3597,0.7745,0.0507
6,19,0.0839,-0.3597,0.7745,0.0507,9.3397,-0.6603,-0.223,-0.2026,0.4951,-0.6095
6,20,-0.223,-0.2026,0.4951,-0.6095,9.8944,-0.1056,-0.2739,0.1166,-0.1672,-0.7151
6,21,-0.2739,0.1166,-0.1672,-0.7151,10.6052,0.6052,-0.0624,0.2789,-0.5797,-0.11
6,22,-0.0624,0.2789,-0.5797,-0.11,10.5354,0.5354,0.1747,0.1564,-0.422,0.4254
6,23,0.1747,0.1564,-0.422,0.4254,10.2359,0.2359,0.2109,-0.0951,0.1214,0.6613
6,24,0.2109,-0.0951,0.1214,0.6613,9.4383,-0.5617,0.0441,-0.2182,0.5018,0.0996
6,25,0.0441,-0.2182,0.5018,0.0996,9.5131,-0.4869,-0.137,-0.1145,0.3579,-0.3873
6,26,-0.137,-0.1145,0.3579,-0.3873,9.8323,-0.1677,-0.1578,0.081,-0.1132,-0.555
6,27,-0.1578,0.081,-0.1132,-0.555,10.4447,0.4447,-0.0261,0.1665,-0.4458,-0.1103
6,28,-0.0261,0.1665,-0.4458,-0.1103,10.4052,0.4052,0.1056,0.0758,-0.3535,0.2949
6,29,0.1056,0.0758,-0.3535,0.2949,10.1481,0.1481,0.1076,-0.0756,0.0154,0.443
6,30,0.1076,-0.0756,0.0154,0.443,9.6806,-0.3194,-0.0016,-0.1295,0.2986,0.1235
6,31,-0.0016,-0.1295,0.2986,0.1235,9.5987,-0.4013,-0.096,-0.0448,0.2214,-0.2778
6,32,-0.096,-0.0448,0.2214,-0.2778,9.8755,-0.1245,-0.0821,0.0734,-0.1186,-0.4023
6,33,-0.0821,0.0734,-0.1186,-0.4023,10.333,0.333,0.0092,0.0984,-0.3544,-0.0693
6,34,0.0092,0.0984,-0.3544,-0.0693,10.3259,0.3259,0.0717,0.0168,-0.2607,0.2566
6,35,0.0717,0.0168,-0.2607,0.2566,10.0322,0.0322,0.0433,-0.0719,0.012,0.2888
6,36,0.0433,-0.0719,0.012,0.2888,9.7173,-0.2827,-0.0346,-0.0743,0.1594,0.0061
6,37,-0.0346,-0.0743,0.1594,0.0061,9.7492,-0.2508,-0.0743,0.0013,0.0401,-0.2448
6,38,-0.0743,0.0013,0.0401,-0.2448,9.9786,-0.0214,-0.0393,0.0654,-0.2154,-0.2661
6,39,-0.0393,0.0654,-0.2154,-0.2661,10.276,0.276,0.0223,0.0504,-0.3435,0.0099
6,40,0.0223,0.0504,-0.3435,0.0099,10.2345,0.2345,0.0394,-0.0193,-0.2164,0.2444
6,41,0.0394,-0.0193,-0.2164,0.2444,9.9321,-0.0679,-0.0028,-0.061,-0.006,0.1765
6,42,-0.0028,-0.061,-0.006,0.1765,9.758,-0.242,-0.052,-0.0314,0.0495,-0.0655
6,43,-0.052,-0.0314,0.0495,-0.0655,9.8505,-0.1495,-0.053,0.03,-0.0908,-0.215
6,44,-0.053,0.03,-0.0908,-0.215,10.0834,0.0834,-0.0092,0.0526,-0.2641,-0.1316
6,45,-0.0092,0.0526,-0.2641,-0.1316,10.2417,0.2417,0.0266,0.0144,-0.2749,0.1101
6,46,0.0266,0.0144,-0.2749,0.1101,10.0868,0.0868,0.0152,-0.0368,-0.1214,0.1969
6,47,0.0152,-0.0368,-0.1214,0.1969,9.8641,-0.1359,-0.0268,-0.0426,0.0076,0.061
6,48,-0.0268,-0.0426,0.0076,0.061,9.8146,-0.1854,-0.0498,-0.0004,-0.0241,-0.1244
6,49,-0.0498,-0.0004,-0.0241,-0.1244,9.9564,-0.0436,-0.0294,0.0389,-0.1703,-0.168
6,50,-0.0294,0.0389,-0.1703,-0.168,10.1516,0.1516,0.008,0.0313,-0.2626,-0.0164
6,51,0.008,0.0313,-0.2626,-0.0164,10.1638,0.1638,0.019,-0.0112,-0.1971,0.1474
6,52,0.019,-0.0112,-0.1971,0.1474,9.9842,-0.0158,-0.0069,-0.038,-0.0576,0.1316
6,53,-0.0069,-0.038,-0.0576,0.1316,9.8408,-0.1592,-0.0374,-0.0197,-0.0056,-0.0276
6,54,-0.0374,-0.0197,-0.0056,-0.0276,9.885,-0.115,-0.0375,0.0197,-0.0907,-0.1426
6,55,-0.0375,0.0197,-0.0907,-0.1426,10.0433,0.0433,-0.0089,0.0341,-0.2116,-0.0992
6,56,-0.0089,0.0341,-0.2116,-0.0992,10.1631,0.1631,0.0138,0.0084,-0.2293,0.0639
6,57,0.0138,0.0084,-0.2293,0.0639,10.0696,0.0696,0.0048,-0.0258,-0.1306,0.1335
6,58,0.0048,-0.0258,-0.1306,0.1335,9.9163,-0.0837,-0.024,-0.0287,-0.039,0.0498
6,59,-0.024,-0.0287,-0.039,0.0498,9.8636,-0.1364,-0.0386,0.001,-0.0574,-0.0867
6,60,-0.0386,0.001,-0.0574,-0.0867,9.9656,-0.0344,-0.0234,0.0277,-0.1613,-0.1211
6,61,-0.0234,0.0277,-0.1613,-0.1211,10.1105,0.1105,0.0025,0.021,-0.2271,-0.0106
6,62,0.0025,0.021,-0.2271,-0.0106,10.1158,0.1158,0.0089,-0.0094,-0.1798,0.1052
6,63,0.0089,-0.0094,-0.1798,0.1052,9.986,-0.014,-0.0103,-0.0273,-0.0816,0.0912
6,64,-0.0103,-0.0273,-0.0816,0.0912,9.8876,-0.1124,-0.0316,-0.013,-0.0465,-0.0212
6,65,-0.0316,-0.013,-0.0465,-0.0212,9.9147,-0.0853,-0.0304,0.0152,-0.1104,-0.1065
6,66,-0.0304,0.0152,-0.1104,-0.1065,10.0384,0.0384,-0.0095,0.0242,-0.1976,-0.0681
6,67,-0.0095,0.0242,-0.1976,-0.0681,10.1192,0.1192,0.006,0.0047,-0.2061,0.0511
6,68,0.006,0.0047,-0.2061,0.0511,10.045,0.045,-0.0016,-0.0194,-0.1325,0.0962
6,69,-0.0016,-0.0194,-0.1325,0.0962,9.9362,-0.0638,-0.0225,-0.0201,-0.0682,0.0324
6,70,-0.0225,-0.0201,-0.0682,0.0324,9.9021,-0.0979,-0.032,0.002,-0.0847,-0.0655
6,71,-0.032,0.002,-0.0847,-0.0655,9.9784,-0.0216,-0.02,0.0205,-0.161,-0.0871
6,72,-0.02,0.0205,-0.161,-0.0871,10.0843,0.0843,-0.0014,0.0143,-0.206,-0.0028
6,73,-0.0014,0.0143,-0.206,-0.0028,10.0814,0.0814,0.0021,-0.0081,-0.168,0.0786
6,74,0.0021,-0.0081,-0.168,0.0786,9.9854,-0.0146,-0.0126,-0.02,-0.0967,0.064
6,75,-0.0126,-0.02,-0.0967,0.064,9.9164,-0.0836,-0.0275,-0.0084,-0.0745,-0.0196
6,76,-0.0275,-0.0084,-0.0745,-0.0196,9.9413,-0.0587,-0.0256,0.012,-0.1236,-0.0784
6,77,-0.0256,0.012,-0.1236,-0.0784,10.0326,0.0326,-0.0099,0.0174,-0.1856,-0.0458
6,78,-0.0099,0.0174,-0.1856,-0.0458,10.0866,0.0866,0.0007,0.0023,-0.1881,0.0408
6,79,0.0007,0.0023,-0.1881,0.0408,10.0285,0.0285,-0.0058,-0.0148,-0.133,0.0694
6,80,-0.0058,-0.0148,-0.133,0.0694,9.9507,-0.0493,-0.0211,-0.0143,-0.0883,0.0201
6,81,-0.0211,-0.0143,-0.0883,0.0201,9.9295,-0.0705,-0.0273,0.0024,-0.1035,-0.0505
6,82,-0.0273,0.0024,-0.1035,-0.0505,9.9882,-0.0118,-0.0178,0.0153,-0.1598,-0.0623
6,83,-0.0178,0.0153,-0.1598,-0.0623,10.0638,0.0638,-0.0044,0.0098,-0.1902,0.0015
6,84,-0.0044,0.0098,-0.1902,0.0015,10.0572,0.0572,-0.0026,-0.0067,-0.1601,0.0588
6,85,-0.0026,-0.0067,-0.1601,0.0588,9.9864,-0.0136,-0.0138,-0.0147,-0.1081,0.0452
6,86,-0.0138,-0.0147,-0.1081,0.0452,9.9376,-0.0624,-0.0244,-0.0055,-0.0941,-0.0172
6,87,-0.0244,-0.0055,-0.0941,-0.0172,9.9592,-0.0408,-0.0223,0.0094,-0.1317,-0.058
6,88,-0.0223,0.0094,-0.1317,-0.058,10.0268,0.0268,-0.0105,0.0126,-0.1764,-0.0312
6,89,-0.0105,0.0126,-0.1764,-0.0312,10.0633,0.0633,-0.0032,0.001,-0.1759,0.0321
6,90,-0.0032,0.001,-0.1759,0.0321,10.0189,0.0189,-0.0085,-0.0114,-0.1344,0.051
6,91,-0.0085,-0.0114,-0.1344,0.051,9.9615,-0.0385,-0.0199,-0.0102,-0.1026,0.0125
6,92,-0.0199,-0.0102,-0.1026,0.0125,9.9486,-0.0514,-0.0239,0.0024,-0.1158,-0.0389
6,93,-0.0239,0.0024,-0.1158,-0.0389,9.9939,-0.0061,-0.0164,0.0115,-0.1578,-0.045
6,94,-0.0164,0.0115,-0.1578,-0.045,10.0483,0.0483,-0.0067,0.0068,-0.1786,0.0033
6,95,-0.0067,0.0068,-0.1786,0.0033,10.0405,0.0405,-0.0058,-0.0056,-0.155,0.0439
6,96,-0.0058,-0.0056,-0.155,0.0439,9.9883,-0.0117,-0.0145,-0.011,-0.117,0.0322
6,97,-0.0145,-0.011,-0.117,0.0322,9.9532,-0.0468,-0.0221,-0.0037,-0.1082,-0.0146
6,98,-0.0221,-0.0037,-0.1082,-0.0146,9.9714,-0.0286,-0.0201,0.0073,-0.1371,-0.0432
6,99,-0.0201,0.0073,-0.1371,-0.0432,10.0216,0.0216,-0.0112,0.0092,-0.1695,-0.0216
7,0,0.6272,-0.6938,-0.3097,0.591,9.8712,-0.1288,-0.2542,-0.9266,0.2168,0.4622
7,1,-0.2542,-0.9266,0.2168,0.4622,9.2094,-0.7906,-0.9046,-0.27,0.2837,-0.3285
7,2,-0.9046,-0.27,0.2837,-0.3285,9.0835,-0.9165,-0.7072,0.6336,-0.503,-1.2449
7,3,-0.7072,0.6336,-0.503,-1.2449,11.3158,1.3158,0.1199,0.8954,-1.09,0.0709
7,4,0.1199,0.8954,-1.09,0.0709,11.4156,1.4156,0.7718,0.2979,-0.3114,1.4865
7,5,0.7718,0.2979,-0.3114,1.4865,8.9429,-1.0571,0.6645,-0.5128,0.6465,0.4293
7,6,0.6645,-0.5128,0.6465,0.4293,9.6725,-0.3275,-0.0403,-0.7814,0.9121,0.1018
7,7,-0.0403,-0.7814,0.9121,0.1018,8.7846,-1.2154,-0.6391,-0.3166,0.4062,-1.1136
7,8,-0.6391,-0.3166,0.4062,-1.1136,10.2914,0.2914,-0.6023,0.3972,-0.5617,-0.8222
7,9,-0.6023,0.3972,-0.5617,-0.8222,10.86,0.86,-0.0221,0.6744,-0.9539,0.0378
7,10,-0.0221,0.6744,-0.9539,0.0378,11.0362,1.0362,0.5144,0.3076,-0.398,1.074
7,11,0.5144,0.3076,-0.398,1.074,9.611,-0.389,0.5272,-0.2971,0.4815,0.685
7,12,0.5272,-0.2971,0.4815,0.685,9.4268,-0.5732,0.0614,-0.5632,0.8799,0.1118
7,13,0.0614,-0.5632,0.8799,0.1118,9.0146,-0.9854,-0.4016,-0.2859,0.499,-0.8736
7,14,-0.4016,-0.2859,0.499,-0.8736,10.0683,0.0683,-0.4422,0.2218,-0.3404,-0.8053
7,15,-0.4422,0.2218,-0.3404,-0.8053,10.7498,0.7498,-0.0732,0.4631,-0.7708,-0.0555
7,16,-0.0732,0.4631,-0.7708,-0.0555,10.7706,0.7706,0.3161,0.2502,-0.4409,0.7151
7,17,0.3161,0.2502,-0.4409,0.7151,10.1152,0.1152,0.3676,-0.1641,0.3318,0.8303
7,18,0.3676,-0.1641,0.3318,0.8303,9.2233,-0.7767,0.0812,-0.3699,0.7737,0.0536
7,19,0.0812,-0.3699,0.7737,0.0536,9.3242,-0.6758,-0.2331,-0.206,0.4894,-0.6222
7,20,-0.2331,-0.206,0.4894,-0.6222,9.9009,-0.0991,-0.2825,0.1228,-0.1823,-0.7213
7,21,-0.2825,0.1228,-0.1823,-0.7213,10.6192,0.6192,-0.0627,0.2883,-0.594,-0.102
7,22,-0.0627,0.2883,-0.594,-0.102,10.5478,0.5478,0.1819,0.1605,-0.4221,0.4458
7,23,0.1819,0.1605,-0.4221,0.4458,10.2302,0.2302,0.2184,-0.0988,0.1389,0.6761
7,24,0.2184,-0.0988,0.1389,0.6761,9.412,-0.588,0.0459,-0.2251,0.521,0.088
7,25,0.0459,-0.2251,0.521,0.088,9.5102,-0.4898,-0.1411,-0.1182,0.3641,-0.4018
7,26,-0.1411,-0.1182,0.3641,-0.4018,9.8372,-0.1628,-0.1629,0.0829,-0.1191,-0.5646
7,27,-0.1629,0.0829,-0.1191,-0.5646,10.4563,0.4563,-0.0276,0.1714,-0.4556,-0.1083
7,28,-0.0276,0.1714,-0.4556,-0.1083,10.4101,0.4101,0.1085,0.0789,-0.3588,0.3019
7,29,0.1085,0.0789,-0.3588,0.3019,10.151,0.151,0.1116,-0.0768,0.0186,0.4529
7,30,0.1116,-0.0768,0.0186,0.4529,9.6759,-0.3241,-0.0002,-0.1332,0.3095,0.1288
7,31,-0.0002,-0.1332,0.3095,0.1288,9.588,-0.412,-0.0978,-0.0471,0.2323,-0.2832
7,32,-0.0978,-0.0471,0.2323,-0.2832,9.8732,-0.1268,-0.0845,0.0745,-0.1143,-0.4099
7,33,-0.0845,0.0745,-0.1143,-0.4099,10.3386,0.3386,0.009,0.1015,-0.3549,-0.0713
7,34,0.009,0.1015,-0.3549,-0.0713,10.33,0.33,0.0742,0.0186,-0.2612,0.2587
7,35,0.0742,0.0186,-0.2612,0.2587,10.0362,0.0362,0.0462,-0.073,0.0155,0.2948
7,36,0.0462,-0.073,0.0155,0.2948,9.7137,-0.2863,-0.0337,-0.0769,0.1672,0.0085
7,37,-0.0337,-0.0769,0.1672,0.0085,9.7435,-0.2565,-0.0757,-0.0002,0.0474,-0.248
7,38,-0.0757,-0.0002,0.0474,-0.248,9.9765,-0.0235,-0.0411,0.0664,-0.2124,-0.2715
7,39,-0.0411,0.0664,-0.2124,-0.2715,10.2789,0.2789,0.0222,0.0526,-0.3444,0.0074
7,40,0.0222,0.0526,-0.3444,0.0074,10.2391,0.2391,0.0412,-0.0182,-0.2175,0.2465
7,41,0.0412,-0.0182,-0.2175,0.2465,9.9348,-0.0652,-0.0009,-0.0619,-0.0036,0.1813
7,42,-0.0009,-0.0619,-0.0036,0.1813,9.7548,-0.2452,-0.0516,-0.0333,0.0551,-0.0639
7,43,-0.0516,-0.0333,0.0551,-0.0639,9.846,-0.154,-0.0542,0.0291,-0.0858,-0.2179
7,44,-0.0542,0.0291,-0.0858,-0.2179,10.08,0.08,-0.0104,0.0535,-0.2637,-0.1379
7,45,-0.0104,0.0535,-0.2637,-0.1379,10.2448,0.2448,0.0267,0.0159,-0.2791,0.1069
7,46,0.0267,0.0159,-0.2791,0.1069,10.0933,0.0933,0.0163,-0.0364,-0.1256,0.2002
7,47,0.0163,-0.0364,-0.1256,0.2002,9.8661,-0.1339,-0.026,-0.0437,0.0077,0.0663
7,48,-0.026,-0.0437,0.0077,0.0663,9.8112,-0.1888,-0.0502,-0.0016,-0.0204,-0.1225
7,49,-0.0502,-0.0016,-0.0204,-0.1225,9.9515,-0.0485,-0.0304,0.0389,-0.1671,-0.171
7,50,-0.0304,0.0389,-0.1671,-0.171,10.1495,0.1495,0.0075,0.0325,-0.2633,-0.0214
7,51,0.0075,0.0325,-0.2633,-0.0214,10.1683,0.1683,0.0196,-0.0103,-0.2005,0.1469
7,52,0.0196,-0.0103,-0.2005,0.1469,9.9886,-0.0114,-0.0059,-0.0383,-0.0593,0.1355
7,53,-0.0059,-0.0383,-0.0593,0.1355,9.8401,-0.1599,-0.0372,-0.0209,-0.0037,-0.0243
7,54,-0.0372,-0.0209,-0.0037,-0.0243,9.8813,-0.1187,-0.0382,0.0191,-0.0874,-0.1431
7,55,-0.0382,0.0191,-0.0874,-0.1431,10.04,0.04,-0.0097,0.0346,-0.2105,-0.1031
7,56,-0.0097,0.0346,-0.2105,-0.1031,10.1642,0.1642,0.0138,0.0094,-0.2314,0.0611
7,57,0.0138,0.0094,-0.2314,0.0611,10.0742,0.0742,0.0056,-0.0254,-0.1332,0.1354
7,58,0.0056,-0.0254,-0.1332,0.1354,9.9181,-0.0819,-0.0233,-0.0294,-0.0388,0.0534
7,59,-0.0233,-0.0294,-0.0388,0.0534,9.8617,-0.1383,-0.0388,0.0001,-0.0546,-0.0849
7,60,-0.0388,0.0001,-0.0546,-0.0849,9.962,-0.038,-0.0241,0.0276,-0.1585,-0.1229
7,61,-0.0241,0.0276,-0.1585,-0.1229,10.1085,0.1085,0.0022,0.0218,-0.2271,-0.0144
7,62,0.0022,0.0218,-0.2271,-0.0144,10.1188,0.1188,0.0094,-0.0087,-0.1821,0.1044
7,63,0.0094,-0.0087,-0.1821,0.1044,9.9893,-0.0107,-0.0096,-0.0275,-0.083,0.0937
7,64,-0.0096,-0.0275,-0.083,0.0937,9.888,-0.112,-0.0314,-0.0138,-0.0454,-0.0184
7,65,-0.0314,-0.0138,-0.0454,-0.0184,9.9118,-0.0882,-0.0309,0.0147,-0.1079,-0.1066
7,66,-0.0309,0.0147,-0.1079,-0.1066,10.0353,0.0353,-0.01,0.0246,-0.1968,-0.0713
7,67,-0.01,0.0246,-0.1968,-0.0713,10.1203,0.1203,0.006,0.0054,-0.2079,0.049
7,68,0.006,0.0054,-0.2079,0.049,10.0486,0.0486,-0.0011,-0.0192,-0.1346,0.0976
7,69,-0.0011,-0.0192,-0.1346,0.0976,9.9376,-0.0624,-0.0221,-0.0206,-0.0681,0.0353
7,70,-0.0221,-0.0206,-0.0681,0.0353,9.9005,-0.0995,-0.0321,0.0014,-0.0826,-0.0642
7,71,-0.0321,0.0014,-0.0826,-0.0642,9.9755,-0.0245,-0.0205,0.0205,-0.159,-0.0887
7,72,-0.0205,0.0205,-0.159,-0.0887,10.0832,0.0832,-0.0016,0.0149,-0.2061,-0.0055
7,73,-0.0016,0.0149,-0.2061,-0.0055,10.0837,0.0837,0.0025,-0.0076,-0.1697,0.0783
7,74,0.0025,-0.0076,-0.1697,0.0783,9.9876,-0.0124,-0.0121,-0.0202,-0.0977,0.0659
7,75,-0.0121,-0.0202,-0.0977,0.0659,9.9164,-0.0836,-0.0275,-0.009,-0.0736,-0.0177
7,76,-0.0275,-0.009,-0.0736,-0.0177,9.9391,-0.0609,-0.026,0.0117,-0.1218,-0.0786
7,77,-0.026,0.0117,-0.1218,-0.0786,10.0305,0.0305,-0.0103,0.0177,-0.1851,-0.0481
7,78,-0.0103,0.0177,-0.1851,-0.0481,10.0876,0.0876,0.0007,0.0028,-0.1895,0.0395
7,79,0.0007,0.0028,-0.1895,0.0395,10.0308,0.0308,-0.0054,-0.0147,-0.1346,0.0703
7,80,-0.0054,-0.0147,-0.1346,0.0703,9.9519,-0.0481,-0.0208,-0.0146,-0.0884,0.0221
7,81,-0.0208,-0.0146,-0.0884,0.0221,9.9283,-0.0717,-0.0275,0.002,-0.1021,-0.0496
7,82,-0.0275,0.002,-0.1021,-0.0496,9.9861,-0.0139,-0.0182,0.0153,-0.1586,-0.0635
7,83,-0.0182,0.0153,-0.1586,-0.0635,10.0631,0.0631,-0.0046,0.0103,-0.1905,-0.0003
7,84,-0.0046,0.0103,-0.1905,-0.0003,10.059,0.059,-0.0023,-0.0064,-0.1614,0.0587
7,85,-0.0023,-0.0064,-0.1614,0.0587,9.988,-0.012,-0.0134,-0.0149,-0.1087,0.0467
7,86,-0.0134,-0.0149,-0.1087,0.0467,9.9375,-0.0625,-0.0243,-0.0059,-0.0933,-0.0158
7,87,-0.0243,-0.0059,-0.0933,-0.0158,9.9575,-0.0425,-0.0225,0.0092,-0.1303,-0.0583
7,88,-0.0225,0.0092,-0.1303,-0.0583,10.0252,0.0252,-0.0108,0.0128,-0.176,-0.033
7,89,-0.0108,0.0128,-0.176,-0.033,10.0641,0.0641,-0.0031,0.0013,-0.1769,0.0311
7,90,-0.0031,0.0013,-0.1769,0.0311,10.0206,0.0206,-0.0082,-0.0113,-0.1356,0.0517
7,91,-0.0082,-0.0113,-0.1356,0.0517,9.9624,-0.0376,-0.0197,-0.0105,-0.1027,0.014
7,92,-0.0197,-0.0105,-0.1027,0.014,9.9477,-0.0523,-0.024,0.0021,-0.1148,-0.0383
7,93,-0.024,0.0021,-0.1148,-0.0383,9.9924,-0.0076,-0.0167,0.0115,-0.1569,-0.0459
7,94,-0.0167,0.0115,-0.1569,-0.0459,10.0479,0.0479,-0.0068,0.0071,-0.1789,0.002
7,95,-0.0068,0.0071,-0.1789,0.002,10.0419,0.0419,-0.0057,-0.0053,-0.156,0.0439
7,96,-0.0057,-0.0053,-0.156,0.0439,9.9895,-0.0105,-0.0142,-0.0111,-0.1174,0.0333
7,97,-0.0142,-0.0111,-0.1174,0.0333,9.9531,-0.0469,-0.0221,-0.004,-0.1075,-0.0136
7,98,-0.0221,-0.004,-0.1075,-0.0136,9.9701,-0.0299,-0.0203,0.0072,-0.136,-0.0435
7,99,-0.0203,0.0072,-0.136,-0.0435,10.0205,0.0205,-0.0113,0.0094,-0.1692,-0.0229
8,0,0.6814,-0.6492,-0.3362,0.5809,9.9801,-0.0199,-0.1885,-0.9499,0.2348,0.561
8,1,-0.1885,-0.9499,0.2348,0.561,9.0231,-0.9769,-0.8873,-0.3367,0.3074,-0.4159
8,2,-0.8873,-0.3367,0.3074,-0.4159,9.2485,-0.7515,-0.7534,0.5853,-0.4843,-1.1674
8,3,-0.7534,0.5853,-0.4843,-1.1674,11.1847,1.1847,0.0556,0.9096,-1.0593,0.0173
8,4,0.0556,0.9096,-1.0593,0.0173,11.3622,1.3622,0.7499,0.3618,-0.3609,1.3795
8,5,0.7499,0.3618,-0.3609,1.3795,9.1253,-0.8747,0.7036,-0.4636,0.5812,0.5048
8,6,0.7036,-0.4636,0.5812,0.5048,9.6896,-0.3104,0.0199,-0.7928,0.9308,0.1944
8,7,0.0199,-0.7928,0.9308,0.1944,8.7249,-1.2751,-0.6147,-0.3717,0.4877,-1.0806
8,8,-0.6147,-0.3717,0.4877,-1.0806,10.1905,0.1905,-0.6316,0.3534,-0.4976,-0.8901
8,9,-0.6316,0.3534,-0.4976,-0.8901,10.8686,0.8686,-0.0724,0.6805,-0.9535,-0.0215
8,10,-0.0724,0.6805,-0.9535,-0.0215,11.0171,1.0171,0.4919,0.3529,-0.4664,0.9956
8,11,0.4919,0.3529,-0.4664,0.9956,9.7587,-0.2413,0.5497,-0.2591,0.4085,0.7543
8,12,0.5497,-0.2591,0.4085,0.7543,9.4258,-0.5742,0.1028,-0.5674,0.8758,0.1801
8,13,0.1028,-0.5674,0.8758,0.1801,9.031,-0.969,-0.3823,-0.323,0.5714,-0.7889
8,14,-0.3823,-0.323,0.5714,-0.7889,9.9043,-0.0957,-0.4593,0.1913,-0.2653,-0.8845
8,15,-0.4593,0.1913,-0.2653,-0.8845,10.7827,0.7827,-0.1054,0.4671,-0.7585,-0.1018
8,16,-0.1054,0.4671,-0.7585,-0.1018,10.7468,0.7468,0.3022,0.2802,-0.4869,0.645
8,17,0.3022,0.2802,-0.4869,0.645,10.2435,0.2435,0.3828,-0.1399,0.2798,0.8885
8,18,0.3828,-0.1399,0.2798,0.8885,9.2178,-0.7822,0.108,-0.3737,0.7772,0.1062
8,19,0.108,-0.3737,0.7772,0.1062,9.3173,-0.6827,-0.2212,-0.23,0.5421,-0.5764
8,20,-0.2212,-0.23,0.5421,-0.5764,9.8047,-0.1953,-0.2938,0.104,-0.132,-0.7717
8,21,-0.2938,0.104,-0.132,-0.7717,10.6388,0.6388,-0.0827,0.2917,-0.5843,-0.1329
8,22,-0.0827,0.2917,-0.5843,-0.1329,10.5356,0.5356,0.1741,0.1798,-0.4495,0.4027
8,23,0.1741,0.1798,-0.4495,0.4027,10.2942,0.2942,0.2289,-0.084,0.1003,0.6969
8,24,0.2289,-0.084,0.1003,0.6969,9.4391,-0.5609,0.0625,-0.229,0.5167,0.1359
8,25,0.0625,-0.229,0.5167,0.1359,9.4887,-0.5113,-0.1353,-0.1346,0.397,-0.3753
8,26,-0.1353,-0.1346,0.397,-0.3753,9.7844,-0.2156,-0.1719,0.0719,-0.0862,-0.591
8,27,-0.1719,0.0719,-0.0862,-0.591,10.4594,0.4594,-0.0405,0.1756,-0.4474,-0.1316
8,28,-0.0405,0.1756,-0.4474,-0.1316,10.4047,0.4047,0.1052,0.0926,-0.3767,0.2731
8,29,0.1052,0.0926,-0.3767,0.2731,10.1957,0.1957,0.1204,-0.0681,-0.0058,0.4688
8,30,0.1204,-0.0681,-0.0058,0.4688,9.6957,-0.3043,0.0109,-0.1378,0.3108,0.1645
8,31,0.0109,-0.1378,0.3108,0.1645,9.5706,-0.4294,-0.0953,-0.0587,0.2605,-0.2649
8,32,-0.0953,-0.0587,0.2605,-0.2649,9.831,-0.169,-0.0916,0.0684,-0.0889,-0.4339
8,33,-0.0916,0.0684,-0.0889,-0.4339,10.3447,0.3447,0.001,0.1062,-0.3505,-0.0892
8,34,0.001,0.1062,-0.3505,-0.0892,10.3304,0.3304,0.0739,0.0282,-0.2745,0.2412
8,35,0.0739,0.0282,-0.2745,0.2412,10.0671,0.0671,0.0534,-0.0686,0.0003,0.3083
8,36,0.0534,-0.0686,0.0003,0.3083,9.7274,-0.2726,-0.0267,-0.0818,0.1723,0.0357
8,37,-0.0267,-0.0818,0.1723,0.0357,9.7312,-0.2688,-0.0756,-0.0083,0.0736,-0.2331
8,38,-0.0756,-0.0083,0.0736,-0.2331,9.9378,-0.0622,-0.0465,0.064,-0.1906,-0.2953
8,39,-0.0465,0.064,-0.1906,-0.2953,10.285,0.285,0.0181,0.0576,-0.3434,-0.0104
8,40,0.0181,0.0576,-0.3434,-0.0104,10.2507,0.2507,0.0431,-0.0119,-0.2284,0.2403
8,41,0.0431,-0.0119,-0.2284,0.2403,9.9553,-0.0447,0.0049,-0.061,-0.0105,0.1956
8,42,0.0049,-0.061,-0.0105,0.1956,9.7574,-0.2426,-0.0479,-0.0382,0.0639,-0.0469
8,43,-0.0479,-0.0382,0.0639,-0.0469,9.833,-0.167,-0.0558,0.0241,-0.0666,-0.2139
8,44,-0.0558,0.0241,-0.0666,-0.2139,10.0587,0.0587,-0.0146,0.0536,-0.2512,-0.1552
8,45,-0.0146,0.0536,-0.2512,-0.1552,10.2409,0.2409,0.025,0.0205,-0.286,0.0856
8,46,0.025,0.0205,-0.286,0.0856,10.1158,0.1158,0.0188,-0.0331,-0.1424,0.2015
8,47,0.0188,-0.0331,-0.1424,0.2015,9.8824,-0.1176,-0.0226,-0.0453,0.0003,0.0838
8,48,-0.0226,-0.0453,0.0003,0.0838,9.8067,-0.1933,-0.0499,-0.0059,-0.0126,-0.1094
8,49,-0.0499,-0.0059,-0.0126,-0.1094,9.9354,-0.0646,-0.0335,0.0369,-0.1543,-0.174
8,50,-0.0335,0.0369,-0.1543,-0.174,10.1352,0.1352,0.0048,0.035,-0.2607,-0.0388
8,51,0.0048,0.035,-0.2607,-0.0388,10.1775,0.1775,0.0202,-0.0064,-0.2108,0.1387
8,52,0.0202,-0.0064,-0.2108,0.1387,10.0042,0.0042,-0.0028,-0.0376,-0.0699,0.1429
8,53,-0.0028,-0.0376,-0.0699,0.1429,9.8467,-0.1533,-0.0353,-0.0239,-0.0037,-0.0103
8,54,-0.0353,-0.0239,-0.0037,-0.0103,9.8719,-0.1281,-0.0396,0.0159,-0.078,-0.1384
8,55,-0.0396,0.0159,-0.078,-0.1384,10.0254,0.0254,-0.0126,0.0348,-0.2037,-0.113
8,56,-0.0126,0.0348,-0.2037,-0.113,10.1615,0.1615,0.0126,0.0125,-0.236,0.0485
8,57,0.0126,0.0125,-0.236,0.0485,10.0877,0.0877,0.0073,-0.0231,-0.1436,0.1362
8,58,0.0073,-0.0231,-0.1436,0.1362,9.929,-0.071,-0.0209,-0.0304,-0.0428,0.0652
8,59,-0.0209,-0.0304,-0.0428,0.0652,9.8599,-0.1401,-0.0384,-0.0028,-0.0476,-0.0748
8,60,-0.0384,-0.0028,-0.0476,-0.0748,9.95,-0.05,-0.0259,0.0263,-0.1475,-0.1248
8,61,-0.0259,0.0263,-0.1475,-0.1248,10.0975,0.0975,0.0006,0.0235,-0.2235,-0.0273
8,62,0.0006,0.0235,-0.2235,-0.0273,10.1247,0.1247,0.01,-0.0062,-0.1885,0.0973
8,63,0.01,-0.0062,-0.1885,0.0973,10.0011,0.0011,-0.0075,-0.0271,-0.0906,0.0984
8,64,-0.0075,-0.0271,-0.0906,0.0984,9.8935,-0.1065,-0.0303,-0.016,-0.0455,-0.0081
8,65,-0.0303,-0.016,-0.0455,-0.0081,9.9052,-0.0948,-0.0321,0.0125,-0.101,-0.1029
8,66,-0.0321,0.0125,-0.101,-0.1029,10.0234,0.0234,-0.0122,0.0249,-0.1922,-0.0795
8,67,-0.0122,0.0249,-0.1922,-0.0795,10.1196,0.1196,0.0053,0.0077,-0.2119,0.0401
8,68,0.0053,0.0077,-0.2119,0.0401,10.0591,0.0591,0.0002,-0.0176,-0.1423,0.0991
8,69,0.0002,-0.0176,-0.1423,0.0991,9.9448,-0.0552,-0.0204,-0.0215,-0.0707,0.044
8,70,-0.0204,-0.0215,-0.0707,0.044,9.8986,-0.1014,-0.032,-0.0007,-0.0774,-0.0574
8,71,-0.032,-0.0007,-0.0774,-0.0574,9.9664,-0.0336,-0.0219,0.0197,-0.1516,-0.091
8,72,-0.0219,0.0197,-0.1516,-0.091,10.0762,0.0762,-0.0027,0.0162,-0.2044,-0.0147
8,73,-0.0027,0.0162,-0.2044,-0.0147,10.0888,0.0888,0.003,-0.0058,-0.1748,0.074
8,74,0.003,-0.0058,-0.1748,0.074,9.9959,-0.0041,-0.0105,-0.02,-0.1028,0.07
8,75,-0.0105,-0.02,-0.1028,0.07,9.9197,-0.0803,-0.0267,-0.0107,-0.073,-0.0104
8,76,-0.0267,-0.0107,-0.073,-0.0104,9.9338,-0.0662,-0.0269,0.0102,-0.1165,-0.0766
8,77,-0.0269,0.0102,-0.1165,-0.0766,10.0222,0.0222,-0.0118,0.0181,-0.182,-0.0544
8,78,-0.0118,0.0181,-0.182,-0.0544,10.0877,0.0877,0.0004,0.0045,-0.1926,0.0333
8,79,0.0004,0.0045,-0.1926,0.0333,10.0385,0.0385,-0.0043,-0.0137,-0.14,0.0718
8,80,-0.0043,-0.0137,-0.14,0.0718,9.9567,-0.0433,-0.0197,-0.0154,-0.0898,0.0285
8,81,-0.0197,-0.0154,-0.0898,0.0285,9.9264,-0.0736,-0.0275,0.0005,-0.0981,-0.0451
8,82,-0.0275,0.0005,-0.0981,-0.0451,9.9795,-0.0205,-0.0193,0.0148,-0.1535,-0.0656
8,83,-0.0193,0.0148,-0.1535,-0.0656,10.0587,0.0587,-0.0053,0.0113,-0.1897,-0.0069
8,84,-0.0053,0.0113,-0.1897,-0.0069,10.063,0.063,-0.0018,-0.0051,-0.1651,0.0561
8,85,-0.0018,-0.0051,-0.1651,0.0561,9.9939,-0.0061,-0.0123,-0.0149,-0.1121,0.05
8,86,-0.0123,-0.0149,-0.1121,0.05,9.9394,-0.0606,-0.0239,-0.0072,-0.0925,-0.0107
8,87,-0.0239,-0.0072,-0.0925,-0.0107,9.9534,-0.0466,-0.0233,0.0082,-0.1264,-0.0573
8,88,-0.0233,0.0082,-0.1264,-0.0573,10.0195,0.0195,-0.0118,0.0132,-0.1739,-0.0378
8,89,-0.0118,0.0132,-0.1739,-0.0378,10.0647,0.0647,-0.0033,0.0026,-0.1794,0.0269
8,90,-0.0033,0.0026,-0.1794,0.0269,10.0255,0.0255,-0.0075,-0.0107,-0.1397,0.0524
8,91,-0.0075,-0.0107,-0.1397,0.0524,9.9663,-0.0337,-0.0189,-0.0112,-0.1042,0.0187
8,92,-0.0189,-0.0112,-0.1042,0.0187,9.9463,-0.0537,-0.0242,0.001,-0.1124,-0.0351
8,93,-0.0242,0.001,-0.1124,-0.0351,9.9875,-0.0125,-0.0176,0.0112,-0.1537,-0.0475
8,94,-0.0176,0.0112,-0.1537,-0.0475,10.0449,0.0449,-0.0073,0.008,-0.1788,-0.0027
8,95,-0.0073,0.008,-0.1788,-0.0027,10.0451,0.0451,-0.0053,-0.0044,-0.1589,0.0424
8,96,-0.0053,-0.0044,-0.1589,0.0424,9.9937,-0.0063,-0.0133,-0.0111,-0.1197,0.0361
8,97,-0.0133,-0.0111,-0.1197,0.0361,9.9542,-0.0458,-0.0217,-0.0049,-0.1065,-0.0097
8,98,-0.0217,-0.0049,-0.1065,-0.0097,9.9668,-0.0332,-0.0208,0.0065,-0.1328,-0.0429
8,99,-0.0208,0.0065,-0.1328,-0.0429,10.0162,0.0162,-0.0121,0.0097,-0.1676,-0.0268
9,0,0.615,-0.6751,-0.3457,0.5436,9.9845,-0.0155,-0.2469,-0.909,0.1901,0.5281
9,1,-0.2469,-0.909,0.1901,0.5281,9.127,-0.873,-0.8866,-0.269,0.2817,-0.345
9,2,-0.8866,-0.269,0.2817,-0.345,9.1139,-0.8861,-0.6968,0.6189,-0.5064,-1.2311
9,3,-0.6968,0.6189,-0.5064,-1.2311,11.3061,1.3061,0.1132,0.8785,-1.0844,0.075
9,4,0.1132,0.8785,-1.0844,0.075,11.3945,1.3945,0.7542,0.2948,-0.3122,1.4695
9,5,0.7542,0.2948,-0.3122,1.4695,8.9615,-1.0385,0.6523,-0.4997,0.638,0.4309
9,6,0.6523,-0.4997,0.638,0.4309,9.6713,-0.3287,-0.0362,-0.7648,0.9046,0.1023
9,7,-0.0362,-0.7648,0.9046,0.1023,8.8032,-1.1968,-0.6232,-0.3116,0.4084,-1.0945
9,8,-0.6232,-0.3116,0.4084,-1.0945,10.2771,0.2771,-0.5893,0.3868,-0.5475,-0.8174
9,9,-0.5893,0.3868,-0.5475,-0.8174,10.8516,0.8516,-0.0231,0.6589,-0.9392,0.0341
9,10,-0.0231,0.6589,-0.9392,0.0341,11.0193,1.0193,0.5014,0.3012,-0.3954,1.0535
9,11,0.5014,0.3012,-0.3954,1.0535,9.6362,-0.3638,0.5149,-0.2893,0.4762,0.6897
9,12,0.5149,-0.2893,0.4762,0.6897,9.4151,-0.5849,0.061,-0.5491,0.8734,0.1048
9,13,0.061,-0.5491,0.8734,0.1048,9.0354,-0.9646,-0.3903,-0.2784,0.4959,-0.8598
9,14,-0.3903,-0.2784,0.4959,-0.8598,10.0611,0.0611,-0.4299,0.2161,-0.3334,-0.7988
9,15,-0.4299,0.2161,-0.3334,-0.7988,10.7449,0.7449,-0.071,0.4502,-0.7597,-0.0538
9,16,-0.071,0.4502,-0.7597,-0.0538,10.7551,0.7551,0.3069,0.2423,-0.436,0.7013
9,17,0.3069,0.2423,-0.436,0.7013,10.1274,0.1274,0.3561,-0.1603,0.329,0.8286
9,18,0.3561,-0.1603,0.329,0.8286,9.2149,-0.7851,0.0781,-0.3584,0.7651,0.0435
9,19,0.0781,-0.3584,0.7651,0.0435,9.342,-0.658,-0.2255,-0.1978,0.4796,-0.6145
9,20,-0.2255,-0.1978,0.4796,-0.6145,9.9092,-0.0908,-0.2719,0.1201,-0.1803,-0.7053
9,21,-0.2719,0.1201,-0.1803,-0.7053,10.6038,0.6038,-0.059,0.2781,-0.5838,-0.1015
9,22,-0.059,0.2781,-0.5838,-0.1015,10.5359,0.5359,0.1758,0.1528,-0.4174,0.4343
9,23,0.1758,0.1528,-0.4174,0.4343,10.2225,0.2225,0.2086,-0.0975,0.1282,0.6568
9,24,0.2086,-0.0975,0.1282,0.6568,9.4343,-0.5657,0.0411,-0.2171,0.5022,0.0911
9,25,0.0411,-0.2171,0.5022,0.0911,9.5166,-0.4834,-0.1378,-0.1114,0.3516,-0.3922
9,26,-0.1378,-0.1114,0.3516,-0.3922,9.843,-0.157,-0.1558,0.0828,-0.1191,-0.5493
9,27,-0.1558,0.0828,-0.1191,-0.5493,10.443,0.443,-0.0238,0.1654,-0.4469,-0.1063
9,28,-0.0238,0.1654,-0.4469,-0.1063,10.4058,0.4058,0.1059,0.0731,-0.3503,0.2995
9,29,0.1059,0.0731,-0.3503,0.2995,10.14,0.14,0.1057,-0.0771,0.0193,0.4395
9,30,0.1057,-0.0771,0.0193,0.4395,9.6774,-0.3226,-0.0037,-0.1284,0.2975,0.1169
9,31,-0.0037,-0.1284,0.2975,0.1169,9.6023,-0.3977,-0.0963,-0.0425,0.2155,-0.2809
9,32,-0.0963,-0.0425,0.2155,-0.2809,9.8834,-0.1166,-0.0806,0.0744,-0.1237,-0.3974
9,33,-0.0806,0.0744,-0.1237,-0.3974,10.3326,0.3326,0.0106,0.0973,-0.3548,-0.0648
9,34,0.0106,0.0973,-0.3548,-0.0648,10.3243,0.3243,0.0716,0.015,-0.2575,0.2594
9,35,0.0716,0.015,-0.2575,0.2594,10.026,0.026,0.0419,-0.0725,0.0149,0.2855
9,36,0.0419,-0.0725,0.0149,0.2855,9.7155,-0.2845,-0.0358,-0.0732,0.1581,0.0009
9,37,-0.0358,-0.0732,0.1581,0.0009,9.7521,-0.2479,-0.0741,0.0027,0.0351,-0.247
9,38,-0.0741,0.0027,0.0351,-0.247,9.9856,-0.0144,-0.0382,0.0656,-0.2191,-0.2614
9,39,-0.0382,0.0656,-0.2191,-0.2614,10.2742,0.2742,0.0229,0.0493,-0.3434,0.0128
9,40,0.0229,0.0493,-0.3434,0.0128,10.2321,0.2321,0.0388,-0.0205,-0.2145,0.2449
9,41,0.0388,-0.0205,-0.2145,0.2449,9.9286,-0.0714,-0.004,-0.061,-0.0053,0.1736
9,42,-0.004,-0.061,-0.0053,0.1736,9.7579,-0.2421,-0.0526,-0.0304,0.0472,-0.0685
9,43,-0.0526,-0.0304,0.0472,-0.0685,9.8533,-0.1467,-0.0526,0.0309,-0.0946,-0.2153
9,44,-0.0526,0.0309,-0.0946,-0.2153,10.0873,0.0873,-0.0084,0.0524,-0.2663,-0.128
9,45,-0.0084,0.0524,-0.2663,-0.128,10.2419,0.2419,0.0269,0.0135,-0.2733,0.1139
9,46,0.0269,0.0135,-0.2733,0.1139,10.0824,0.0824,0.0146,-0.0374,-0.1182,0.1963
9,47,0.0146,-0.0374,-0.1182,0.1963,9.8612,-0.1388,-0.0275,-0.0422,0.0087,0.0575
9,48,-0.0275,-0.0422,0.0087,0.0575,9.8158,-0.1842,-0.0498,0.0005,-0.026,-0.1267
9,49,-0.0498,0.0005,-0.026,-0.1267,9.9596,-0.0404,-0.0288,0.0392,-0.1729,-0.1671
9,50,-0.0288,0.0392,-0.1729,-0.1671,10.1542,0.1542,0.0085,0.0308,-0.2629,-0.0129
9,51,0.0085,0.0308,-0.2629,-0.0129,10.1617,0.1617,0.0188,-0.0119,-0.195,0.1487
9,52,0.0188,-0.0119,-0.195,0.1487,9.9808,-0.0192,-0.0075,-0.0381,-0.0559,0.1295
9,53,-0.0075,-0.0381,-0.0559,0.1295,9.8403,-0.1597,-0.0377,-0.0191,-0.0062,-0.0302
9,54,-0.0377,-0.0191,-0.0062,-0.0302,9.8871,-0.1129,-0.0372,0.0203,-0.0928,-0.1431
9,55,-0.0372,0.0203,-0.0928,-0.1431,10.046,0.046,-0.0083,0.034,-0.2129,-0.0971
9,56,-0.0083,0.034,-0.2129,-0.0971,10.1633,0.1633,0.0139,0.0078,-0.2283,0.0662
9,57,0.0139,0.0078,-0.2283,0.0662,10.0668,0.0668,0.0044,-0.0261,-0.1287,0.1331
9,58,0.0044,-0.0261,-0.1287,0.1331,9.9144,-0.0856,-0.0244,-0.0284,-0.0384,0.0475
9,59,-0.0244,-0.0284,-0.0384,0.0475,9.8642,-0.1358,-0.0387,0.0015,-0.0589,-0.0884
9,60,-0.0387,0.0015,-0.0589,-0.0884,9.9679,-0.0321,-0.023,0.0279,-0.1633,-0.1205
9,61,-0.023,0.0279,-0.1633,-0.1205,10.1124,0.1124,0.0028,0.0207,-0.2276,-0.0081
9,62,0.0028,0.0207,-0.2276,-0.0081,10.1144,0.1144,0.0088,-0.0099,-0.1785,0.1063
9,63,0.0088,-0.0099,-0.1785,0.1063,9.9838,-0.0162,-0.0107,-0.0273,-0.0803,0.0901
9,64,-0.0107,-0.0273,-0.0803,0.0901,9.8868,-0.1132,-0.0318,-0.0126,-0.0468,-0.0231
9,65,-0.0318,-0.0126,-0.0468,-0.0231,9.9162,-0.0838,-0.0302,0.0156,-0.1118,-0.1069
9,66,-0.0302,0.0156,-0.1118,-0.1069,10.0406,0.0406,-0.0091,0.0241,-0.1985,-0.0663
9,67,-0.0091,0.0241,-0.1985,-0.0663,10.1191,0.1191,0.0061,0.0042,-0.2052,0.0528
9,68,0.0061,0.0042,-0.2052,0.0528,10.0429,0.0429,-0.0019,-0.0197,-0.131,0.0957
9,69,-0.0019,-0.0197,-0.131,0.0957,9.9349,-0.0651,-0.0228,-0.0199,-0.0678,0.0306
9,70,-0.0228,-0.0199,-0.0678,0.0306,9.9027,-0.0973,-0.032,0.0024,-0.0859,-0.0667
9,71,-0.032,0.0024,-0.0859,-0.0667,9.9802,-0.0198,-0.0197,0.0206,-0.1624,-0.0865
9,72,-0.0197,0.0206,-0.1624,-0.0865,10.0855,0.0855,-0.0012,0.014,-0.2062,-0.001
9,73,-0.0012,0.014,-0.2062,-0.001,10.0802,0.0802,0.002,-0.0084,-0.167,0.0793
9,74,0.002,-0.0084,-0.167,0.0793,9.9838,-0.0162,-0.0129,-0.02,-0.0958,0.0631
9,75,-0.0129,-0.02,-0.0958,0.0631,9.9159,-0.0841,-0.0277,-0.0081,-0.0748,-0.021
9,76,-0.0277,-0.0081,-0.0748,-0.021,9.9424,-0.0576,-0.0254,0.0122,-0.1246,-0.0786
9,77,-0.0254,0.0122,-0.1246,-0.0786,10.0341,0.0341,-0.0096,0.0173,-0.1862,-0.0445
9,78,-0.0096,0.0173,-0.1862,-0.0445,10.0864,0.0864,0.0007,0.002,-0.1874,0.0419
9,79,0.0007,0.002,-0.1874,0.0419,10.0272,0.0272,-0.006,-0.015,-0.1319,0.0691
9,80,-0.006,-0.015,-0.1319,0.0691,9.9497,-0.0503,-0.0213,-0.0141,-0.0879,0.0188
9,81,-0.0213,-0.0141,-0.0879,0.0188,9.9299,-0.0701,-0.0272,0.0027,-0.1042,-0.0513
9,82,-0.0272,0.0027,-0.1042,-0.0513,9.9895,-0.0105,-0.0176,0.0153,-0.1607,-0.0618
9,83,-0.0176,0.0153,-0.1607,-0.0618,10.0646,0.0646,-0.0043,0.0096,-0.1902,0.0028
9,84,-0.0043,0.0096,-0.1902,0.0028,10.0563,0.0563,-0.0027,-0.007,-0.1593,0.0591
9,85,-0.0027,-0.007,-0.1593,0.0591,9.9853,-0.0147,-0.014,-0.0147,-0.1075,0.0444
9,86,-0.014,-0.0147,-0.1075,0.0444,9.9373,-0.0627,-0.0245,-0.0053,-0.0944,-0.0183
9,87,-0.0245,-0.0053,-0.0944,-0.0183,9.9601,-0.0399,-0.0221,0.0096,-0.1326,-0.0581
9,88,-0.0221,0.0096,-0.1326,-0.0581,10.0279,0.0279,-0.0103,0.0125,-0.1768,-0.0302
9,89,-0.0103,0.0125,-0.1768,-0.0302,10.0631,0.0631,-0.0032,0.0007,-0.1754,0.0329
9,90,-0.0032,0.0007,-0.1754,0.0329,10.0179,0.0179,-0.0087,-0.0115,-0.1335,0.0508
9,91,-0.0087,-0.0115,-0.1335,0.0508,9.9608,-0.0392,-0.02,-0.01,-0.1024,0.0116
9,92,-0.02,-0.01,-0.1024,0.0116,9.9489,-0.0511,-0.0238,0.0026,-0.1163,-0.0395
9,93,-0.0238,0.0026,-0.1163,-0.0395,9.9949,-0.0051,-0.0163,0.0115,-0.1584,-0.0446
9,94,-0.0163,0.0115,-0.1584,-0.0446,10.0488,0.0488,-0.0065,0.0066,-0.1786,0.0042
9,95,-0.0065,0.0066,-0.1786,0.0042,10.0398,0.0398,-0.0059,-0.0058,-0.1544,0.0441
9,96,-0.0059,-0.0058,-0.1544,0.0441,9.9875,-0.0125,-0.0147,-0.011,-0.1166,0.0316
9,97,-0.0147,-0.011,-0.1166,0.0316,9.953,-0.047,-0.0222,-0.0035,-0.1085,-0.0154
9,98,-0.0222,-0.0035,-0.1085,-0.0154,9.9721,-0.0279,-0.0199,0.0075,-0.1378,-0.0433
9,99,-0.0199,0.0075,-0.1378,-0.0433,10.0225,0.0225,-0.011,0.0091,-0.1698,-0.0208
