network,property,result,runtime,output_intervals,observation
ACASXU_run2a_1_1_batch_2000.onnx,prop_1.vnnlib,SAT/UNSAFE,9.41,"Y0: [-1026737.34, 8961276.63]; Y1: [-1075435.68, 9747467.3]; Y2: [-904843.5, 10491470.03]; Y3: [-2515830.16, 7231037.07]; Y4: [-1609257.63, 7711990.85]",
ACASXU_run2a_1_1_batch_2000.onnx,prop_2.vnnlib,SAT/UNSAFE,9.46,"Y0: [-1026737.34, 8961276.63]; Y1: [-1075435.68, 9747467.3]; Y2: [-904843.5, 10491470.03]; Y3: [-2515830.16, 7231037.07]; Y4: [-1609257.63, 7711990.85]",
ACASXU_run2a_1_1_batch_2000.onnx,prop_3.vnnlib,SAT/UNSAFE,4.34,"Y0: [-686582.32, 5992918.81]; Y1: [-719398.05, 6518987.47]; Y2: [-605431.68, 7016002.31]; Y3: [-1682547.18, 4836152.67]; Y4: [-1076568.67, 5156742.73]",
ACASXU_run2a_1_1_batch_2000.onnx,prop_4.vnnlib,SAT/UNSAFE,4.09,"Y0: [-483962.5, 4224148.07]; Y1: [-507083.79, 4594911.06]; Y2: [-426732.64, 4945284.34]; Y3: [-1185928.95, 3408791.01]; Y4: [-758814.63, 3634817.78]",
ACASXU_run2a_1_1_batch_2000.onnx,prop_5.vnnlib,SAT/UNSAFE,2.67,"Y0: [-1031287.48, 9000963.17]; Y1: [-1080420.94, 9790881.77]; Y2: [-909163.25, 10537771.02]; Y3: [-2527145.66, 7263444.85]; Y4: [-1616759.29, 7745647.7]",
ACASXU_run2a_1_1_batch_2000.onnx,prop_6.vnnlib,SAT/UNSAFE,19.4,"Y0: [-1181884.36, 10315623.19]; Y1: [-1237997.33, 11220701.08]; Y2: [-1041654.51, 12076983.71]; Y3: [-2896054.3, 8323943.05]; Y4: [-1852524.21, 8877314.22]",
ACASXU_run2a_1_1_batch_2000.onnx,prop_7.vnnlib,TIMEOUT,60.08,,no data.csv intervals; 
ACASXU_run2a_1_1_batch_2000.onnx,prop_8.vnnlib,SAT/UNSAFE,19.95,"Y0: [-721215.33, 6293466.78]; Y1: [-755619.07, 6845844.49]; Y2: [-635901.71, 7368073.94]; Y3: [-1767243.35, 5079009.54]; Y4: [-1130760.92, 5415898.84]",
ACASXU_run2a_1_1_batch_2000.onnx,prop_9.vnnlib,SAT/UNSAFE,2.64,"Y0: [-966912.46, 8438733.23]; Y1: [-1012964.6, 9179306.7]; Y2: [-852402.77, 9879609.69]; Y3: [-2369386.57, 6809818.86]; Y4: [-1515824.08, 7261955.12]",
ACASXU_run2a_1_1_batch_2000.onnx,prop_10.vnnlib,SAT/UNSAFE,2.8,"Y0: [-908924.86, 7933311.16]; Y1: [-952064.61, 8629364.55]; Y2: [-801046.8, 9287915.11]; Y3: [-2227140.1, 6401463.02]; Y4: [-1424614.72, 6827104.35]",
ACASXU_run2a_1_2_batch_2000.onnx,prop_1.vnnlib,SAT/UNSAFE,13.12,"Y0: [-643035.18, 2737637.53]; Y1: [-679779.75, 2909198.21]; Y2: [-849889.43, 3149639.35]; Y3: [-809671.72, 2919777.04]; Y4: [-1076401.02, 2973214.29]",
ACASXU_run2a_1_2_batch_2000.onnx,prop_2.vnnlib,SAT/UNSAFE,13.4,"Y0: [-643035.18, 2737637.53]; Y1: [-679779.75, 2909198.21]; Y2: [-849889.43, 3149639.35]; Y3: [-809671.72, 2919777.04]; Y4: [-1076401.02, 2973214.29]",
ACASXU_run2a_1_2_batch_2000.onnx,prop_3.vnnlib,SAT/UNSAFE,6.56,"Y0: [-328260.88, 1397802.61]; Y1: [-347086.76, 1485507.49]; Y2: [-433877.45, 1608192.8]; Y3: [-413459.3, 1490791.64]; Y4: [-549604.06, 1517992.46]",
ACASXU_run2a_1_2_batch_2000.onnx,prop_4.vnnlib,SAT/UNSAFE,5.62,"Y0: [-203722.65, 867616.8]; Y1: [-215404.94, 922068.84]; Y2: [-269273.44, 998154.36]; Y3: [-256618.1, 925303.93]; Y4: [-341099.52, 942108.45]",
ACASXU_run2a_1_2_batch_2000.onnx,prop_5.vnnlib,SAT/UNSAFE,3.24,"Y0: [-544324.54, 2317638.52]; Y1: [-575555.23, 2463102.46]; Y2: [-719425.0, 2666536.76]; Y3: [-685622.62, 2471831.14]; Y4: [-911217.36, 2516996.77]",
ACASXU_run2a_1_2_batch_2000.onnx,prop_6.vnnlib,SAT/UNSAFE,27.3,"Y0: [-680387.5, 2896659.12]; Y1: [-719293.37, 3078229.53]; Y2: [-899262.82, 3332643.23]; Y3: [-856752.11, 3089391.59]; Y4: [-1138950.92, 3145945.17]",
ACASXU_run2a_1_2_batch_2000.onnx,prop_7.vnnlib,TIMEOUT,60.08,,no data.csv intervals; 
ACASXU_run2a_1_2_batch_2000.onnx,prop_8.vnnlib,SAT/UNSAFE,30.36,"Y0: [-364447.33, 1551999.95]; Y1: [-385344.62, 1649364.04]; Y2: [-481718.25, 1785558.71]; Y3: [-459048.36, 1655241.1]; Y4: [-610230.59, 1685403.47]",
ACASXU_run2a_1_2_batch_2000.onnx,prop_9.vnnlib,SAT/UNSAFE,3.05,"Y0: [-522913.4, 2226501.52]; Y1: [-552928.94, 2366265.19]; Y2: [-691127.29, 2561642.1]; Y3: [-658679.05, 2374632.85]; Y4: [-875384.98, 2418015.51]",
ACASXU_run2a_1_2_batch_2000.onnx,prop_10.vnnlib,SAT/UNSAFE,3.74,"Y0: [-527863.78, 2247659.91]; Y1: [-558048.94, 2388603.14]; Y2: [-697692.21, 2585839.68]; Y3: [-664748.23, 2397112.42]; Y4: [-883671.68, 2440764.59]",
ACASXU_run2a_1_3_batch_2000.onnx,prop_1.vnnlib,SAT/UNSAFE,11.18,"Y0: [-30827745.76, 8126069.58]; Y1: [-29289816.23, 9905316.4]; Y2: [-35046724.03, 7956746.47]; Y3: [-8443421.9, 29053172.75]; Y4: [-28517885.18, 22266243.67]",
ACASXU_run2a_1_3_batch_2000.onnx,prop_2.vnnlib,SAT/UNSAFE,11.17,"Y0: [-30827745.76, 8126069.58]; Y1: [-29289816.23, 9905316.4]; Y2: [-35046724.03, 7956746.47]; Y3: [-8443421.9, 29053172.75]; Y4: [-28517885.18, 22266243.67]",
ACASXU_run2a_1_3_batch_2000.onnx,prop_3.vnnlib,SAT/UNSAFE,4.72,"Y0: [-17815797.28, 4696188.64]; Y1: [-16927050.68, 5724599.92]; Y2: [-20254024.68, 4598410.33]; Y3: [-4879558.36, 16790290.83]; Y4: [-16480864.94, 12868036.29]",
ACASXU_run2a_1_3_batch_2000.onnx,prop_4.vnnlib,SAT/UNSAFE,4.74,"Y0: [-7105161.7, 1872933.01]; Y1: [-6750654.72, 2283103.96]; Y2: [-8077531.9, 1833985.85]; Y3: [-1945801.37, 6696333.57]; Y4: [-6572900.44, 5131544.38]",
ACASXU_run2a_1_3_batch_2000.onnx,prop_5.vnnlib,SAT/UNSAFE,3.11,"Y0: [-14829058.23, 3909327.45]; Y1: [-14089132.75, 4765334.23]; Y2: [-16858398.65, 3828112.48]; Y3: [-4061316.26, 13975694.06]; Y4: [-13717896.68, 10711042.17]",
ACASXU_run2a_1_3_batch_2000.onnx,prop_6.vnnlib,SAT/UNSAFE,22.78,"Y0: [-23152898.03, 6103841.39]; Y1: [-21997811.59, 7440127.41]; Y2: [-26321474.06, 5976851.91]; Y3: [-6340864.28, 21820961.19]; Y4: [-21418064.38, 16723016.57]",
ACASXU_run2a_1_3_batch_2000.onnx,prop_7.vnnlib,TIMEOUT,60.08,,no data.csv intervals; 
ACASXU_run2a_1_3_batch_2000.onnx,prop_8.vnnlib,SAT/UNSAFE,20.57,"Y0: [-21126179.78, 5568885.15]; Y1: [-20072063.06, 6788323.23]; Y2: [-24017332.45, 5452930.46]; Y3: [-5786048.65, 19910230.49]; Y4: [-19543563.63, 15258567.08]",
ACASXU_run2a_1_3_batch_2000.onnx,prop_9.vnnlib,SAT/UNSAFE,2.95,"Y0: [-15077302.83, 3974713.13]; Y1: [-14324954.35, 4845047.46]; Y2: [-17140593.52, 3892125.66]; Y3: [-4129316.52, 14209576.71]; Y4: [-13947598.73, 10890263.88]",
ACASXU_run2a_1_3_batch_2000.onnx,prop_10.vnnlib,SAT/UNSAFE,3.03,"Y0: [-21899602.95, 5773609.24]; Y1: [-20807039.33, 7037660.49]; Y2: [-24896654.96, 5653536.25]; Y3: [-5997574.15, 20639986.84]; Y4: [-20258765.4, 15817788.03]",
ACASXU_run2a_1_4_batch_2000.onnx,prop_1.vnnlib,SAT/UNSAFE,8.98,"Y0: [-591341.01, 1160361.58]; Y1: [-765063.92, 1456027.5]; Y2: [-898978.25, 1012284.3]; Y3: [-783379.03, 1031126.08]; Y4: [-876778.33, 1480899.69]",
ACASXU_run2a_1_4_batch_2000.onnx,prop_2.vnnlib,SAT/UNSAFE,9.19,"Y0: [-591341.01, 1160361.58]; Y1: [-765063.92, 1456027.5]; Y2: [-898978.25, 1012284.3]; Y3: [-783379.03, 1031126.08]; Y4: [-876778.33, 1480899.69]",
ACASXU_run2a_1_4_batch_2000.onnx,prop_3.vnnlib,SAT/UNSAFE,4.36,"Y0: [-355227.42, 696988.7]; Y1: [-459591.01, 874631.6]; Y2: [-540044.75, 608036.89]; Y3: [-470571.14, 619422.06]; Y4: [-526714.23, 889584.15]",
ACASXU_run2a_1_4_batch_2000.onnx,prop_4.vnnlib,SAT/UNSAFE,4.16,"Y0: [-195537.44, 383651.32]; Y1: [-252977.75, 481507.63]; Y2: [-297297.85, 334700.75]; Y3: [-259048.62, 340995.61]; Y4: [-289991.73, 489676.51]",
ACASXU_run2a_1_4_batch_2000.onnx,prop_5.vnnlib,SAT/UNSAFE,2.43,"Y0: [-369769.05, 725488.39]; Y1: [-478393.09, 910447.16]; Y2: [-562170.62, 632913.23]; Y3: [-489820.32, 644803.77]; Y4: [-548293.07, 925993.16]",
ACASXU_run2a_1_4_batch_2000.onnx,prop_6.vnnlib,SAT/UNSAFE,19.9,"Y0: [-545693.37, 1070847.13]; Y1: [-706014.17, 1343687.22]; Y2: [-829631.96, 934204.45]; Y3: [-722876.13, 951614.07]; Y4: [-809139.9, 1366695.14]",
ACASXU_run2a_1_4_batch_2000.onnx,prop_7.vnnlib,TIMEOUT,60.08,,no data.csv intervals; 
ACASXU_run2a_1_4_batch_2000.onnx,prop_8.vnnlib,SAT/UNSAFE,19.02,"Y0: [-408210.4, 801025.4]; Y1: [-528135.65, 1005120.71]; Y2: [-620573.2, 698805.69]; Y3: [-540787.6, 711787.76]; Y4: [-605264.95, 1022278.77]",
ACASXU_run2a_1_4_batch_2000.onnx,prop_9.vnnlib,SAT/UNSAFE,2.34,"Y0: [-369804.15, 725561.13]; Y1: [-478438.81, 910537.05]; Y2: [-562220.18, 632977.03]; Y3: [-489874.76, 644857.01]; Y4: [-548343.6, 926077.71]",
ACASXU_run2a_1_4_batch_2000.onnx,prop_10.vnnlib,SAT/UNSAFE,2.5,"Y0: [-494118.34, 969606.83]; Y1: [-639270.23, 1216663.13]; Y2: [-751213.07, 845893.11]; Y3: [-654527.34, 861651.79]; Y4: [-732655.51, 1237493.57]",
ACASXU_run2a_1_5_batch_2000.onnx,prop_1.vnnlib,SAT/UNSAFE,11.0,"Y0: [-305498.41, 833607.11]; Y1: [-535367.25, 805126.92]; Y2: [-417413.63, 803012.65]; Y3: [-388174.69, 1063897.1]; Y4: [-253081.05, 1004724.55]",
ACASXU_run2a_1_5_batch_2000.onnx,prop_2.vnnlib,SAT/UNSAFE,11.03,"Y0: [-305498.41, 833607.11]; Y1: [-535367.25, 805126.92]; Y2: [-417413.63, 803012.65]; Y3: [-388174.69, 1063897.1]; Y4: [-253081.05, 1004724.55]",
ACASXU_run2a_1_5_batch_2000.onnx,prop_3.vnnlib,SAT/UNSAFE,5.56,"Y0: [-165123.81, 450619.0]; Y1: [-289359.8, 435217.14]; Y2: [-225626.03, 434077.55]; Y3: [-209812.15, 575121.09]; Y4: [-136802.46, 543100.18]",
ACASXU_run2a_1_5_batch_2000.onnx,prop_4.vnnlib,SAT/UNSAFE,5.01,"Y0: [-96595.31, 263616.55]; Y1: [-169275.88, 254606.01]; Y2: [-131990.1, 253939.28]; Y3: [-122739.59, 336451.87]; Y4: [-80029.2, 317721.06]",
ACASXU_run2a_1_5_batch_2000.onnx,prop_5.vnnlib,SAT/UNSAFE,2.75,"Y0: [-189345.01, 516640.84]; Y1: [-331827.28, 499009.59]; Y2: [-258705.67, 497710.59]; Y3: [-240596.29, 659374.02]; Y4: [-156844.11, 622767.66]",
ACASXU_run2a_1_5_batch_2000.onnx,prop_6.vnnlib,SAT/UNSAFE,23.27,"Y0: [-302234.09, 824602.86]; Y1: [-529650.81, 796459.8]; Y2: [-412940.61, 794370.72]; Y3: [-384026.01, 1052392.56]; Y4: [-250359.09, 993943.74]",
ACASXU_run2a_1_5_batch_2000.onnx,prop_7.vnnlib,TIMEOUT,60.08,,no data.csv intervals; 
ACASXU_run2a_1_5_batch_2000.onnx,prop_8.vnnlib,SAT/UNSAFE,23.78,"Y0: [-186020.51, 507647.52]; Y1: [-325996.64, 490285.59]; Y2: [-254184.91, 488997.18]; Y3: [-236372.15, 647901.91]; Y4: [-154115.91, 611815.6]",
ACASXU_run2a_1_5_batch_2000.onnx,prop_9.vnnlib,SAT/UNSAFE,2.67,"Y0: [-183089.62, 499585.71]; Y1: [-320868.69, 482531.59]; Y2: [-250164.07, 481275.08]; Y3: [-232651.31, 637608.38]; Y4: [-151666.21, 602199.95]",
ACASXU_run2a_1_5_batch_2000.onnx,prop_10.vnnlib,SAT/UNSAFE,3.15,"Y0: [-262835.1, 717078.92]; Y1: [-460592.09, 692617.3]; Y2: [-359103.38, 690800.91]; Y3: [-333955.92, 915165.76]; Y4: [-217718.23, 864355.6]",
ACASXU_run2a_1_6_batch_2000.onnx,prop_1.vnnlib,SAT/UNSAFE,9.92,"Y0: [-84087.04, 370736.88]; Y1: [-238067.64, 436405.43]; Y2: [-148326.59, 430857.39]; Y3: [-273348.66, 450235.65]; Y4: [-161890.43, 440401.44]",
ACASXU_run2a_1_6_batch_2000.onnx,prop_2.vnnlib,SAT/UNSAFE,9.63,"Y0: [-84087.04, 370736.88]; Y1: [-238067.64, 436405.43]; Y2: [-148326.59, 430857.39]; Y3: [-273348.66, 450235.65]; Y4: [-161890.43, 440401.44]",
ACASXU_run2a_1_6_batch_2000.onnx,prop_3.vnnlib,SAT/UNSAFE,4.33,"Y0: [-58569.46, 258218.91]; Y1: [-165806.47, 303954.82]; Y2: [-103317.01, 300087.37]; Y3: [-190373.4, 313590.18]; Y4: [-112761.24, 306742.82]",
ACASXU_run2a_1_6_batch_2000.onnx,prop_4.vnnlib,SAT/UNSAFE,4.07,"Y0: [-29915.38, 131899.31]; Y1: [-84699.79, 155263.46]; Y2: [-52768.93, 153291.11]; Y3: [-97252.08, 160190.28]; Y4: [-57593.01, 156685.38]",
ACASXU_run2a_1_6_batch_2000.onnx,prop_5.vnnlib,SAT/UNSAFE,2.62,"Y0: [-58137.21, 256305.32]; Y1: [-164594.47, 301709.77]; Y2: [-102546.7, 297883.04]; Y3: [-188978.84, 311275.19]; Y4: [-111922.1, 304484.24]",
ACASXU_run2a_1_6_batch_2000.onnx,prop_6.vnnlib,SAT/UNSAFE,20.59,"Y0: [-79105.94, 348813.56]; Y1: [-224010.7, 410615.2]; Y2: [-139533.72, 405424.65]; Y3: [-257209.48, 423630.94]; Y4: [-152295.2, 414381.16]",
ACASXU_run2a_1_6_batch_2000.onnx,prop_7.vnnlib,TIMEOUT,60.08,,no data.csv intervals; 
ACASXU_run2a_1_6_batch_2000.onnx,prop_8.vnnlib,SAT/UNSAFE,19.12,"Y0: [-60133.22, 265112.7]; Y1: [-170229.22, 312069.21]; Y2: [-106074.79, 308086.35]; Y3: [-195451.33, 321961.71]; Y4: [-115771.76, 314920.48]",
ACASXU_run2a_1_6_batch_2000.onnx,prop_9.vnnlib,SAT/UNSAFE,2.43,"Y0: [-56867.8, 250709.35]; Y1: [-161000.66, 295122.13]; Y2: [-100307.63, 291377.41]; Y3: [-184853.18, 304478.69]; Y4: [-109478.71, 297834.24]",
ACASXU_run2a_1_6_batch_2000.onnx,prop_10.vnnlib,SAT/UNSAFE,2.61,"Y0: [-72165.6, 318215.46]; Y1: [-204336.27, 374596.18]; Y2: [-127292.97, 369854.88]; Y3: [-234633.78, 386469.4]; Y4: [-138934.42, 378025.91]",
ACASXU_run2a_1_7_batch_2000.onnx,prop_1.vnnlib,SAT/UNSAFE,11.05,"Y0: [-511676.81, 987480.13]; Y1: [-337813.31, 1137974.26]; Y2: [-551153.46, 1180518.56]; Y3: [-508595.91, 1216811.87]; Y4: [-543706.76, 1015420.3]",
ACASXU_run2a_1_7_batch_2000.onnx,prop_2.vnnlib,SAT/UNSAFE,11.01,"Y0: [-511676.81, 987480.13]; Y1: [-337813.31, 1137974.26]; Y2: [-551153.46, 1180518.56]; Y3: [-508595.91, 1216811.87]; Y4: [-543706.76, 1015420.3]",
ACASXU_run2a_1_7_batch_2000.onnx,prop_3.vnnlib,SAT/UNSAFE,4.77,"Y0: [-361855.95, 698341.16]; Y1: [-238898.5, 804756.25]; Y2: [-389780.86, 834842.39]; Y3: [-359668.78, 860528.18]; Y4: [-384501.93, 718079.45]",
ACASXU_run2a_1_7_batch_2000.onnx,prop_4.vnnlib,SAT/UNSAFE,4.43,"Y0: [-213672.07, 412358.65]; Y1: [-141064.15, 475200.82]; Y2: [-230149.84, 492958.19]; Y3: [-212373.18, 508123.06]; Y4: [-227032.4, 424008.41]",
ACASXU_run2a_1_7_batch_2000.onnx,prop_5.vnnlib,SAT/UNSAFE,2.65,"Y0: [-255323.86, 492684.71]; Y1: [-168518.59, 567766.19]; Y2: [-274990.26, 588979.17]; Y3: [-253732.21, 607099.01]; Y4: [-271243.51, 506612.84]",
ACASXU_run2a_1_7_batch_2000.onnx,prop_6.vnnlib,SAT/UNSAFE,24.29,"Y0: [-421358.18, 813144.23]; Y1: [-278148.72, 937076.1]; Y2: [-453843.42, 972089.33]; Y3: [-418789.33, 1001976.87]; Y4: [-447695.42, 836150.62]",
ACASXU_run2a_1_7_batch_2000.onnx,prop_7.vnnlib,TIMEOUT,60.08,,no data.csv intervals; 
ACASXU_run2a_1_7_batch_2000.onnx,prop_8.vnnlib,SAT/UNSAFE,21.54,"Y0: [-340986.09, 658100.12]; Y1: [-225133.42, 758392.24]; Y2: [-367304.13, 786747.48]; Y3: [-338944.55, 810934.89]; Y4: [-362343.14, 676716.2]",
ACASXU_run2a_1_7_batch_2000.onnx,prop_9.vnnlib,SAT/UNSAFE,2.48,"Y0: [-246097.52, 474883.45]; Y1: [-162430.12, 547251.42]; Y2: [-265052.8, 567700.17]; Y3: [-244564.55, 585163.14]; Y4: [-261442.5, 488310.2]",
ACASXU_run2a_1_7_batch_2000.onnx,prop_10.vnnlib,SAT/UNSAFE,2.85,"Y0: [-372099.27, 718070.19]; Y1: [-245624.3, 827503.53]; Y2: [-400780.37, 858427.19]; Y3: [-369818.91, 884825.54]; Y4: [-395345.33, 738381.66]",
ACASXU_run2a_1_8_batch_2000.onnx,prop_1.vnnlib,SAT/UNSAFE,10.89,"Y0: [-145945.27, 408141.98]; Y1: [-1344220.56, 664307.97]; Y2: [-544490.1, 1168144.37]; Y3: [-1006889.62, 821036.7]; Y4: [-860440.68, 774917.23]",
ACASXU_run2a_1_8_batch_2000.onnx,prop_2.vnnlib,SAT/UNSAFE,10.97,"Y0: [-145945.27, 408141.98]; Y1: [-1344220.56, 664307.97]; Y2: [-544490.1, 1168144.37]; Y3: [-1006889.62, 821036.7]; Y4: [-860440.68, 774917.23]",
ACASXU_run2a_1_8_batch_2000.onnx,prop_3.vnnlib,SAT/UNSAFE,5.5,"Y0: [-126496.43, 353736.17]; Y1: [-1165017.52, 575769.79]; Y2: [-471873.83, 1012423.55]; Y3: [-872669.74, 711611.34]; Y4: [-745688.97, 671626.91]",
ACASXU_run2a_1_8_batch_2000.onnx,prop_4.vnnlib,SAT/UNSAFE,4.55,"Y0: [-91679.13, 256356.33]; Y1: [-844326.27, 417270.22]; Y2: [-341964.35, 733723.05]; Y3: [-632452.01, 515722.57]; Y4: [-540406.41, 486741.9]",
ACASXU_run2a_1_8_batch_2000.onnx,prop_5.vnnlib,SAT/UNSAFE,3.15,"Y0: [-104769.55, 292942.25]; Y1: [-964851.81, 476830.55]; Y2: [-390757.62, 838446.34]; Y3: [-722730.55, 589338.53]; Y4: [-617525.61, 556213.66]",
ACASXU_run2a_1_8_batch_2000.onnx,prop_6.vnnlib,SAT/UNSAFE,28.76,"Y0: [-125538.61, 351046.66]; Y1: [-1156208.72, 571390.24]; Y2: [-468300.74, 1004739.99]; Y3: [-866058.81, 706209.33]; Y4: [-740050.64, 666517.89]",
ACASXU_run2a_1_8_batch_2000.onnx,prop_7.vnnlib,TIMEOUT,60.04,,no data.csv intervals; 
ACASXU_run2a_1_8_batch_2000.onnx,prop_8.vnnlib,SAT/UNSAFE,25.68,"Y0: [-132378.84, 370179.78]; Y1: [-1219192.6, 602528.78]; Y2: [-493814.68, 1059490.29]; Y3: [-913245.73, 744690.17]; Y4: [-780365.03, 702845.41]",
ACASXU_run2a_1_8_batch_2000.onnx,prop_9.vnnlib,SAT/UNSAFE,2.74,"Y0: [-100308.42, 280474.97]; Y1: [-923780.53, 456530.56]; Y2: [-374132.91, 802756.57]; Y3: [-691965.9, 564252.22]; Y4: [-591247.49, 532533.09]",
ACASXU_run2a_1_8_batch_2000.onnx,prop_10.vnnlib,SAT/UNSAFE,3.29,"Y0: [-111982.5, 313159.62]; Y1: [-1031387.33, 509710.51]; Y2: [-417767.08, 896281.3]; Y3: [-772562.49, 629979.19]; Y4: [-660175.89, 594564.34]",
ACASXU_run2a_1_9_batch_2000.onnx,prop_1.vnnlib,SAT/UNSAFE,10.63,"Y0: [-85378.13, 220749.65]; Y1: [-210119.14, 341891.51]; Y2: [-277687.43, 405513.74]; Y3: [-283044.36, 298127.01]; Y4: [-321453.87, 271275.61]",
ACASXU_run2a_1_9_batch_2000.onnx,prop_2.vnnlib,SAT/UNSAFE,10.56,"Y0: [-85378.13, 220749.65]; Y1: [-210119.14, 341891.51]; Y2: [-277687.43, 405513.74]; Y3: [-283044.36, 298127.01]; Y4: [-321453.87, 271275.61]",
ACASXU_run2a_1_9_batch_2000.onnx,prop_3.vnnlib,SAT/UNSAFE,5.17,"Y0: [-56505.4, 146095.69]; Y1: [-139067.02, 226270.09]; Y2: [-183779.36, 268379.16]; Y3: [-187327.41, 197307.02]; Y4: [-212741.07, 179540.72]",
ACASXU_run2a_1_9_batch_2000.onnx,prop_4.vnnlib,SAT/UNSAFE,4.26,"Y0: [-33590.19, 86843.39]; Y1: [-82666.52, 134504.43]; Y2: [-109240.96, 159533.05]; Y3: [-111354.67, 117289.15]; Y4: [-126457.22, 106724.35]",
ACASXU_run2a_1_9_batch_2000.onnx,prop_5.vnnlib,SAT/UNSAFE,2.78,"Y0: [-62456.88, 161490.65]; Y1: [-153717.16, 250111.36]; Y2: [-203144.96, 296654.19]; Y3: [-207063.79, 218094.94]; Y4: [-235158.6, 198455.64]",
ACASXU_run2a_1_9_batch_2000.onnx,prop_6.vnnlib,SAT/UNSAFE,22.56,"Y0: [-82156.23, 212423.08]; Y1: [-202193.19, 328996.31]; Y2: [-267217.91, 390216.53]; Y3: [-272366.47, 286881.98]; Y4: [-309331.35, 261046.55]",
ACASXU_run2a_1_9_batch_2000.onnx,prop_7.vnnlib,TIMEOUT,60.02,,no data.csv intervals; 
ACASXU_run2a_1_9_batch_2000.onnx,prop_8.vnnlib,SAT/UNSAFE,21.98,"Y0: [-54477.91, 140856.58]; Y1: [-134080.88, 218155.44]; Y2: [-177187.48, 258749.08]; Y3: [-180609.25, 190231.78]; Y4: [-205110.1, 173101.3]",
ACASXU_run2a_1_9_batch_2000.onnx,prop_9.vnnlib,SAT/UNSAFE,2.64,"Y0: [-60010.34, 155166.95]; Y1: [-147697.68, 240317.28]; Y2: [-195188.74, 285035.5]; Y3: [-198954.26, 209555.01]; Y4: [-225949.45, 190683.2]",
ACASXU_run2a_1_9_batch_2000.onnx,prop_10.vnnlib,SAT/UNSAFE,3.26,"Y0: [-64431.29, 166599.78]; Y1: [-158579.37, 258022.41]; Y2: [-209579.26, 306037.02]; Y3: [-213612.16, 224992.6]; Y4: [-242603.83, 204737.58]",
ACASXU_run2a_2_1_batch_2000.onnx,prop_1.vnnlib,SAT/UNSAFE,20.92,"Y0: [-884958.95, 2070714.12]; Y1: [-1081485.39, 1378350.27]; Y2: [-1112204.53, 1837495.22]; Y3: [-1110452.27, 2073282.5]; Y4: [-1748508.79, 2204477.95]",
ACASXU_run2a_2_1_batch_2000.onnx,prop_2.vnnlib,SAT/UNSAFE,21.5,"Y0: [-884958.95, 2070714.12]; Y1: [-1081485.39, 1378350.27]; Y2: [-1112204.53, 1837495.22]; Y3: [-1110452.27, 2073282.5]; Y4: [-1748508.79, 2204477.95]",
ACASXU_run2a_2_1_batch_2000.onnx,prop_3.vnnlib,SAT/UNSAFE,8.85,"Y0: [-442534.36, 1035559.5]; Y1: [-540842.54, 689341.47]; Y2: [-556183.85, 918895.06]; Y3: [-555236.22, 1036937.81]; Y4: [-874341.23, 1102387.06]",
ACASXU_run2a_2_1_batch_2000.onnx,prop_4.vnnlib,SAT/UNSAFE,8.96,"Y0: [-334313.42, 782444.39]; Y1: [-408608.92, 520895.38]; Y2: [-420211.35, 694413.39]; Y3: [-419494.08, 783473.41]; Y4: [-660620.25, 833071.34]",
ACASXU_run2a_2_2_batch_2000.onnx,prop_1.vnnlib,SAT/UNSAFE,22.17,"Y0: [-1518488.26, 3512607.53]; Y1: [-1356175.57, 2834485.88]; Y2: [-1261399.09, 2967596.97]; Y3: [-1635858.35, 3123496.82]; Y4: [-1668567.54, 2992926.26]",
ACASXU_run2a_2_2_batch_2000.onnx,prop_2.vnnlib,SAT/UNSAFE,22.13,"Y0: [-1518488.26, 3512607.53]; Y1: [-1356175.57, 2834485.88]; Y2: [-1261399.09, 2967596.97]; Y3: [-1635858.35, 3123496.82]; Y4: [-1668567.54, 2992926.26]",
ACASXU_run2a_2_2_batch_2000.onnx,prop_3.vnnlib,SAT/UNSAFE,8.22,"Y0: [-692963.02, 1603481.37]; Y1: [-618969.51, 1293674.86]; Y2: [-575650.26, 1354472.46]; Y3: [-746655.33, 1425376.52]; Y4: [-761408.03, 1366089.22]",
ACASXU_run2a_2_2_batch_2000.onnx,prop_4.vnnlib,SAT/UNSAFE,8.69,"Y0: [-540786.43, 1251209.67]; Y1: [-483025.82, 1009540.45]; Y2: [-449241.66, 1056949.88]; Y3: [-582645.82, 1112361.59]; Y4: [-594188.85, 1065993.3]",
ACASXU_run2a_2_3_batch_2000.onnx,prop_1.vnnlib,SAT/UNSAFE,22.01,"Y0: [-986774.09, 2497344.19]; Y1: [-683021.27, 1757820.45]; Y2: [-623534.61, 1707076.1]; Y3: [-940665.36, 2033519.74]; Y4: [-1260418.39, 1894021.03]",
ACASXU_run2a_2_3_batch_2000.onnx,prop_2.vnnlib,SAT/UNSAFE,21.94,"Y0: [-986774.09, 2497344.19]; Y1: [-683021.27, 1757820.45]; Y2: [-623534.61, 1707076.1]; Y3: [-940665.36, 2033519.74]; Y4: [-1260418.39, 1894021.03]",
ACASXU_run2a_2_3_batch_2000.onnx,prop_3.vnnlib,SAT/UNSAFE,9.8,"Y0: [-523296.89, 1324115.38]; Y1: [-362202.86, 932064.28]; Y2: [-330584.47, 905108.19]; Y3: [-498791.07, 1078227.1]; Y4: [-668296.61, 1004244.76]",
ACASXU_run2a_2_3_batch_2000.onnx,prop_4.vnnlib,SAT/UNSAFE,8.23,"Y0: [-248141.9, 627658.94]; Y1: [-171706.5, 441818.28]; Y2: [-156671.81, 428999.6]; Y3: [-236485.15, 511010.19]; Y4: [-316730.33, 476034.05]",
ACASXU_run2a_2_4_batch_2000.onnx,prop_1.vnnlib,SAT/UNSAFE,16.78,"Y0: [-2877949.86, 2508629.46]; Y1: [-670894.83, 2077327.68]; Y2: [-560006.41, 2016717.39]; Y3: [-537926.81, 2504658.01]; Y4: [-937386.08, 2179907.27]",
ACASXU_run2a_2_4_batch_2000.onnx,prop_2.vnnlib,SAT/UNSAFE,16.73,"Y0: [-2877949.86, 2508629.46]; Y1: [-670894.83, 2077327.68]; Y2: [-560006.41, 2016717.39]; Y3: [-537926.81, 2504658.01]; Y4: [-937386.08, 2179907.27]",
ACASXU_run2a_2_4_batch_2000.onnx,prop_3.vnnlib,SAT/UNSAFE,8.1,"Y0: [-1689221.83, 1472471.36]; Y1: [-393792.5, 1219249.72]; Y2: [-328687.94, 1183685.14]; Y3: [-315751.36, 1470154.65]; Y4: [-550188.07, 1279472.08]",
ACASXU_run2a_2_4_batch_2000.onnx,prop_4.vnnlib,SAT/UNSAFE,5.53,"Y0: [-971074.01, 846505.43]; Y1: [-226397.08, 700913.03]; Y2: [-188964.79, 680479.88]; Y3: [-181530.97, 845149.64]; Y4: [-316287.14, 735547.64]",
ACASXU_run2a_2_5_batch_2000.onnx,prop_1.vnnlib,SAT/UNSAFE,19.97,"Y0: [-2904626.76, 4998929.22]; Y1: [-1320325.96, 1682484.76]; Y2: [-1764830.31, 2252264.44]; Y3: [-1443319.29, 1660264.45]; Y4: [-1463024.42, 2507642.99]",
ACASXU_run2a_2_5_batch_2000.onnx,prop_2.vnnlib,SAT/UNSAFE,19.96,"Y0: [-2904626.76, 4998929.22]; Y1: [-1320325.96, 1682484.76]; Y2: [-1764830.31, 2252264.44]; Y3: [-1443319.29, 1660264.45]; Y4: [-1463024.42, 2507642.99]",
ACASXU_run2a_2_5_batch_2000.onnx,prop_3.vnnlib,SAT/UNSAFE,6.03,"Y0: [-1263444.23, 2174483.09]; Y1: [-574325.64, 731819.94]; Y2: [-767690.22, 979672.37]; Y3: [-627841.05, 722116.07]; Y4: [-636437.55, 1090774.98]",
ACASXU_run2a_2_5_batch_2000.onnx,prop_4.vnnlib,SAT/UNSAFE,5.46,"Y0: [-961392.64, 1654602.66]; Y1: [-436999.11, 556853.77]; Y2: [-584178.61, 745460.07]; Y3: [-477769.38, 549462.67]; Y4: [-484298.67, 829994.18]",
ACASXU_run2a_2_6_batch_2000.onnx,prop_1.vnnlib,SAT/UNSAFE,11.97,"Y0: [-11097752.99, 8505332.23]; Y1: [-0.02, 5146863.17]; Y2: [-904695.42, 5873885.63]; Y3: [-1021625.63, 3885531.32]; Y4: [-904695.42, 5323920.06]",
ACASXU_run2a_2_6_batch_2000.onnx,prop_2.vnnlib,SAT/UNSAFE,11.94,"Y0: [-11097752.99, 8505332.23]; Y1: [-0.02, 5146863.17]; Y2: [-904695.42, 5873885.63]; Y3: [-1021625.63, 3885531.32]; Y4: [-904695.42, 5323920.06]",
ACASXU_run2a_2_6_batch_2000.onnx,prop_3.vnnlib,SAT/UNSAFE,4.48,"Y0: [-4687510.03, 3593191.0]; Y1: [-0.02, 2174833.84]; Y2: [-382109.33, 2481047.52]; Y3: [-431874.38, 1641192.64]; Y4: [-382109.33, 2248549.8]",
ACASXU_run2a_2_6_batch_2000.onnx,prop_4.vnnlib,SAT/UNSAFE,4.05,"Y0: [-2920702.01, 2238302.75]; Y1: [-0.02, 1354439.52]; Y2: [-238128.77, 1545905.82]; Y3: [-268835.61, 1022617.62]; Y4: [-238128.77, 1401209.35]",
ACASXU_run2a_2_7_batch_2000.onnx,prop_1.vnnlib,SAT/UNSAFE,11.22,"Y0: [-11857570.11, 18388959.69]; Y1: [-0.02, 3602459.03]; Y2: [0.02, 1787773.69]; Y3: [-10529.71, 3678061.76]; Y4: [0.02, 1797112.24]",
ACASXU_run2a_2_7_batch_2000.onnx,prop_2.vnnlib,SAT/UNSAFE,11.2,"Y0: [-11857570.11, 18388959.69]; Y1: [-0.02, 3602459.03]; Y2: [0.02, 1787773.69]; Y3: [-10529.71, 3678061.76]; Y4: [0.02, 1797112.24]",
ACASXU_run2a_2_7_batch_2000.onnx,prop_3.vnnlib,SAT/UNSAFE,4.1,"Y0: [-3684419.16, 5713867.01]; Y1: [-0.02, 1119251.99]; Y2: [0.02, 555512.29]; Y3: [-3271.67, 1142823.73]; Y4: [0.02, 558412.96]",
ACASXU_run2a_2_7_batch_2000.onnx,prop_4.vnnlib,SAT/UNSAFE,4.09,"Y0: [-2041638.09, 3166416.97]; Y1: [-0.02, 620362.57]; Y2: [0.02, 307826.27]; Y3: [-1812.49, 633345.52]; Y4: [0.02, 309432.98]",
ACASXU_run2a_2_8_batch_2000.onnx,prop_1.vnnlib,SAT/UNSAFE,13.07,"Y0: [-29892189.9, 13153434.83]; Y1: [-0.02, 47210.29]; Y2: [-6868781.23, 102304.04]; Y3: [-9160053.37, 2288534.36]; Y4: [-9158374.98, 405480.22]",
ACASXU_run2a_2_8_batch_2000.onnx,prop_2.vnnlib,SAT/UNSAFE,13.06,"Y0: [-29892189.9, 13153434.83]; Y1: [-0.02, 47210.29]; Y2: [-6868781.23, 102304.04]; Y3: [-9160053.37, 2288534.36]; Y4: [-9158374.98, 405480.22]",
ACASXU_run2a_2_8_batch_2000.onnx,prop_3.vnnlib,SAT/UNSAFE,4.09,"Y0: [-13763156.86, 6055172.06]; Y1: [-0.02, 21740.86]; Y2: [-3162764.71, 47111.73]; Y3: [-4217794.23, 1053646.27]; Y4: [-4217019.61, 186657.79]",
ACASXU_run2a_2_8_batch_2000.onnx,prop_4.vnnlib,SAT/UNSAFE,3.9,"Y0: [-5783773.35, 2544102.88]; Y1: [-0.02, 9134.62]; Y2: [-1329157.68, 19796.27]; Y3: [-1772536.14, 442820.95]; Y4: [-1772210.25, 78433.8]",
ACASXU_run2a_2_9_batch_2000.onnx,prop_1.vnnlib,SAT/UNSAFE,12.21,"Y0: [-12088620.49, 6414428.31]; Y1: [-0.02, 25172.56]; Y2: [-2027.33, 1168802.66]; Y3: [-2027.37, 621188.04]; Y4: [-2027.33, 1168802.66]",
ACASXU_run2a_2_9_batch_2000.onnx,prop_2.vnnlib,SAT/UNSAFE,11.74,"Y0: [-12088620.49, 6414428.31]; Y1: [-0.02, 25172.56]; Y2: [-2027.33, 1168802.66]; Y3: [-2027.37, 621188.04]; Y4: [-2027.33, 1168802.66]",
ACASXU_run2a_2_9_batch_2000.onnx,prop_3.vnnlib,SAT/UNSAFE,6.86,"Y0: [-6815284.77, 3616396.55]; Y1: [-0.02, 14193.65]; Y2: [-1143.23, 659122.81]; Y3: [-1143.27, 350305.25]; Y4: [-1143.23, 659122.81]",
ACASXU_run2a_2_9_batch_2000.onnx,prop_4.vnnlib,SAT/UNSAFE,4.66,"Y0: [-3581048.95, 1900205.15]; Y1: [-0.02, 7456.89]; Y2: [-600.51, 346440.38]; Y3: [-600.55, 184118.36]; Y4: [-600.51, 346440.38]",
ACASXU_run2a_3_1_batch_2000.onnx,prop_1.vnnlib,SAT/UNSAFE,18.3,"Y0: [-1887718.82, 3060004.52]; Y1: [-1056717.2, 2149032.15]; Y2: [-996862.22, 2253330.5]; Y3: [-1252576.58, 2712197.49]; Y4: [-1158703.34, 1977276.99]",
ACASXU_run2a_3_1_batch_2000.onnx,prop_2.vnnlib,SAT/UNSAFE,18.36,"Y0: [-1887718.82, 3060004.52]; Y1: [-1056717.2, 2149032.15]; Y2: [-996862.22, 2253330.5]; Y3: [-1252576.58, 2712197.49]; Y4: [-1158703.34, 1977276.99]",
ACASXU_run2a_3_1_batch_2000.onnx,prop_3.vnnlib,SAT/UNSAFE,6.58,"Y0: [-1482600.18, 2403154.75]; Y1: [-829836.52, 1687743.08]; Y2: [-782908.7, 1769607.18]; Y3: [-983569.06, 2130142.49]; Y4: [-910139.57, 1552763.84]",
ACASXU_run2a_3_1_batch_2000.onnx,prop_4.vnnlib,SAT/UNSAFE,6.35,"Y0: [-1003447.66, 1626575.9]; Y1: [-561626.1, 1142336.59]; Y2: [-529879.53, 1197731.46]; Y3: [-665686.19, 1441755.55]; Y4: [-615981.05, 1050931.92]",
ACASXU_run2a_3_2_batch_2000.onnx,prop_1.vnnlib,SAT/UNSAFE,12.49,"Y0: [-859391.43, 2223881.7]; Y1: [-844805.29, 2373927.09]; Y2: [-694221.07, 2013861.22]; Y3: [-1401476.06, 2303770.08]; Y4: [-888768.45, 2443863.07]",
ACASXU_run2a_3_2_batch_2000.onnx,prop_2.vnnlib,SAT/UNSAFE,12.48,"Y0: [-859391.43, 2223881.7]; Y1: [-844805.29, 2373927.09]; Y2: [-694221.07, 2013861.22]; Y3: [-1401476.06, 2303770.08]; Y4: [-888768.45, 2443863.07]",
ACASXU_run2a_3_2_batch_2000.onnx,prop_3.vnnlib,SAT/UNSAFE,6.37,"Y0: [-420210.7, 1087457.56]; Y1: [-413018.22, 1160732.76]; Y2: [-339418.86, 984827.38]; Y3: [-685215.13, 1126408.85]; Y4: [-434619.87, 1194926.79]",
ACASXU_run2a_3_2_batch_2000.onnx,prop_4.vnnlib,SAT/UNSAFE,6.31,"Y0: [-260293.07, 673575.49]; Y1: [-255826.84, 718947.42]; Y2: [-210250.5, 609994.45]; Y3: [-424428.86, 697690.87]; Y4: [-269203.8, 740243.14]",
ACASXU_run2a_3_3_batch_2000.onnx,prop_1.vnnlib,SAT/UNSAFE,17.06,"Y0: [-1243320.64, 2405134.32]; Y1: [-625439.9, 2087153.25]; Y2: [-1337967.58, 1968234.79]; Y3: [-931096.45, 2263204.35]; Y4: [-1034832.31, 2202594.94]",
ACASXU_run2a_3_3_batch_2000.onnx,prop_2.vnnlib,SAT/UNSAFE,16.99,"Y0: [-1243320.64, 2405134.32]; Y1: [-625439.9, 2087153.25]; Y2: [-1337967.58, 1968234.79]; Y3: [-931096.45, 2263204.35]; Y4: [-1034832.31, 2202594.94]",
ACASXU_run2a_3_3_batch_2000.onnx,prop_3.vnnlib,SAT/UNSAFE,7.07,"Y0: [-680156.53, 1315406.16]; Y1: [-342101.89, 1141575.55]; Y2: [-731970.31, 1076535.79]; Y3: [-509275.54, 1237884.42]; Y4: [-566018.42, 1204587.58]",
ACASXU_run2a_3_3_batch_2000.onnx,prop_4.vnnlib,SAT/UNSAFE,6.85,"Y0: [-501179.26, 969149.3]; Y1: [-252064.51, 841098.08]; Y2: [-539343.6, 793164.7]; Y3: [-375223.33, 912047.37]; Y4: [-417007.63, 887475.93]",
ACASXU_run2a_3_4_batch_2000.onnx,prop_1.vnnlib,SAT/UNSAFE,16.25,"Y0: [-3488094.65, 3052592.09]; Y1: [-547608.45, 2064066.55]; Y2: [-676377.27, 2123855.59]; Y3: [-544219.8, 2649984.71]; Y4: [-526585.53, 2037795.43]",
ACASXU_run2a_3_4_batch_2000.onnx,prop_2.vnnlib,SAT/UNSAFE,16.29,"Y0: [-3488094.65, 3052592.09]; Y1: [-547608.45, 2064066.55]; Y2: [-676377.27, 2123855.59]; Y3: [-544219.8, 2649984.71]; Y4: [-526585.53, 2037795.43]",
ACASXU_run2a_3_4_batch_2000.onnx,prop_3.vnnlib,SAT/UNSAFE,7.16,"Y0: [-2041296.19, 1787468.74]; Y1: [-320666.7, 1208643.06]; Y2: [-396121.19, 1243655.27]; Y3: [-318682.88, 1551819.04]; Y4: [-308395.75, 1193327.09]",
ACASXU_run2a_3_4_batch_2000.onnx,prop_4.vnnlib,SAT/UNSAFE,6.26,"Y0: [-1645679.5, 1441130.15]; Y1: [-258528.07, 974432.03]; Y2: [-319361.6, 1002608.71]; Y3: [-256941.2, 1251131.24]; Y4: [-248642.23, 962115.34]",
ACASXU_run2a_3_5_batch_2000.onnx,prop_1.vnnlib,SAT/UNSAFE,11.05,"Y0: [-1739056.76, 4644615.38]; Y1: [-1018891.82, 1716425.66]; Y2: [-1345172.61, 2023233.68]; Y3: [-764140.08, 1941677.82]; Y4: [-511496.09, 2400191.98]",
ACASXU_run2a_3_5_batch_2000.onnx,prop_2.vnnlib,SAT/UNSAFE,11.08,"Y0: [-1739056.76, 4644615.38]; Y1: [-1018891.82, 1716425.66]; Y2: [-1345172.61, 2023233.68]; Y3: [-764140.08, 1941677.82]; Y4: [-511496.09, 2400191.98]",
ACASXU_run2a_3_5_batch_2000.onnx,prop_3.vnnlib,SAT/UNSAFE,5.07,"Y0: [-1080684.88, 2885768.8]; Y1: [-633103.36, 1066473.29]; Y2: [-835761.25, 1257099.37]; Y3: [-474835.46, 1206541.97]; Y4: [-317793.05, 1491440.23]",
ACASXU_run2a_3_5_batch_2000.onnx,prop_4.vnnlib,SAT/UNSAFE,4.73,"Y0: [-694527.33, 1854613.86]; Y1: [-406887.32, 685384.35]; Y2: [-537131.74, 807897.58]; Y3: [-305156.41, 775400.51]; Y4: [-204227.22, 958490.65]",
ACASXU_run2a_3_6_batch_2000.onnx,prop_1.vnnlib,SAT/UNSAFE,10.72,"Y0: [-18560405.19, 12622179.22]; Y1: [-3797148.87, 6246155.88]; Y2: [-0.02, 6701894.04]; Y3: [-3948807.41, 6071070.75]; Y4: [-2180886.13, 4716767.97]",
ACASXU_run2a_3_6_batch_2000.onnx,prop_2.vnnlib,SAT/UNSAFE,10.71,"Y0: [-18560405.19, 12622179.22]; Y1: [-3797148.87, 6246155.88]; Y2: [-0.02, 6701894.04]; Y3: [-3948807.41, 6071070.75]; Y4: [-2180886.13, 4716767.97]",
ACASXU_run2a_3_6_batch_2000.onnx,prop_3.vnnlib,SAT/UNSAFE,4.81,"Y0: [-8727357.7, 5934986.47]; Y1: [-1785471.71, 2936826.75]; Y2: [-0.02, 3151328.73]; Y3: [-1856776.22, 2854527.44]; Y4: [-1025503.73, 2217865.05]",
ACASXU_run2a_3_6_batch_2000.onnx,prop_4.vnnlib,SAT/UNSAFE,4.44,"Y0: [-5321308.04, 3618663.85]; Y1: [-1088565.91, 1790501.22]; Y2: [-0.02, 1921404.83]; Y3: [-1132037.14, 1740337.59]; Y4: [-625331.78, 1352186.31]",
ACASXU_run2a_3_7_batch_2000.onnx,prop_1.vnnlib,SAT/UNSAFE,12.64,"Y0: [-14430194.83, 13464812.71]; Y1: [-1355185.13, 1797823.06]; Y2: [-0.02, 4409393.14]; Y3: [-3681363.96, 2745587.77]; Y4: [-773583.82, 5737726.09]",
ACASXU_run2a_3_7_batch_2000.onnx,prop_2.vnnlib,SAT/UNSAFE,12.62,"Y0: [-14430194.83, 13464812.71]; Y1: [-1355185.13, 1797823.06]; Y2: [-0.02, 4409393.14]; Y3: [-3681363.96, 2745587.77]; Y4: [-773583.82, 5737726.09]",
ACASXU_run2a_3_7_batch_2000.onnx,prop_3.vnnlib,SAT/UNSAFE,4.81,"Y0: [-7857290.21, 7331231.79]; Y1: [-737958.46, 978845.49]; Y2: [-0.02, 2400885.98]; Y3: [-2004552.6, 1494809.55]; Y4: [-421159.62, 3123934.2]",
ACASXU_run2a_3_7_batch_2000.onnx,prop_4.vnnlib,SAT/UNSAFE,4.8,"Y0: [-2906679.76, 2712026.67]; Y1: [-272930.54, 362124.55]; Y2: [-0.02, 888095.73]; Y3: [-741531.43, 553028.18]; Y4: [-155824.72, 1155657.7]",
ACASXU_run2a_3_8_batch_2000.onnx,prop_1.vnnlib,SAT/UNSAFE,16.04,"Y0: [-7117909.19, 23548439.92]; Y1: [-1047620.47, 434099.31]; Y2: [-0.02, 2118467.05]; Y3: [-1047620.47, 749846.1]; Y4: [-2945291.5, 6031450.32]",
ACASXU_run2a_3_8_batch_2000.onnx,prop_2.vnnlib,SAT/UNSAFE,16.27,"Y0: [-7117909.19, 23548439.92]; Y1: [-1047620.47, 434099.31]; Y2: [-0.02, 2118467.05]; Y3: [-1047620.47, 749846.1]; Y4: [-2945291.5, 6031450.32]",
ACASXU_run2a_3_8_batch_2000.onnx,prop_3.vnnlib,SAT/UNSAFE,7.07,"Y0: [-3980364.9, 13168150.83]; Y1: [-585835.36, 242752.51]; Y2: [-0.02, 1184702.38]; Y3: [-585835.36, 419286.48]; Y4: [-1646999.86, 3372376.93]",
ACASXU_run2a_3_8_batch_2000.onnx,prop_4.vnnlib,SAT/UNSAFE,5.7,"Y0: [-1498050.81, 4956224.52]; Y1: [-220495.59, 91364.53]; Y2: [-0.02, 445921.73]; Y3: [-220495.59, 157805.75]; Y4: [-619902.5, 1269513.87]",
ACASXU_run2a_3_9_batch_2000.onnx,prop_1.vnnlib,SAT/UNSAFE,14.37,"Y0: [-14073879.59, 14278621.46]; Y1: [-2973634.07, 2980146.47]; Y2: [-0.02, 1881369.32]; Y3: [-2973634.07, 2980146.47]; Y4: [-2973634.1, 1719526.94]",
ACASXU_run2a_3_9_batch_2000.onnx,prop_2.vnnlib,SAT/UNSAFE,14.27,"Y0: [-14073879.59, 14278621.46]; Y1: [-2973634.07, 2980146.47]; Y2: [-0.02, 1881369.32]; Y3: [-2973634.07, 2980146.47]; Y4: [-2973634.1, 1719526.94]",
ACASXU_run2a_3_9_batch_2000.onnx,prop_3.vnnlib,SAT/UNSAFE,3.95,"Y0: [-7504325.75, 7613486.19]; Y1: [-1585391.12, 1589097.63]; Y2: [-0.02, 1003275.4]; Y3: [-1585391.12, 1589097.63]; Y4: [-1585391.15, 916893.61]",
ACASXU_run2a_3_9_batch_2000.onnx,prop_4.vnnlib,SAT/UNSAFE,3.67,"Y0: [-2784847.43, 2825045.03]; Y1: [-588293.4, 589635.97]; Y2: [-0.02, 372280.73]; Y3: [-588293.4, 589635.97]; Y4: [-588293.43, 340162.07]",
ACASXU_run2a_4_1_batch_2000.onnx,prop_1.vnnlib,SAT/UNSAFE,17.5,"Y0: [-1285992.53, 4587674.18]; Y1: [-632145.19, 3556011.7]; Y2: [-621967.29, 3973841.23]; Y3: [-1311173.71, 2933299.19]; Y4: [-1126796.6, 4474319.96]",
ACASXU_run2a_4_1_batch_2000.onnx,prop_2.vnnlib,SAT/UNSAFE,17.95,"Y0: [-1285992.53, 4587674.18]; Y1: [-632145.19, 3556011.7]; Y2: [-621967.29, 3973841.23]; Y3: [-1311173.71, 2933299.19]; Y4: [-1126796.6, 4474319.96]",
ACASXU_run2a_4_1_batch_2000.onnx,prop_3.vnnlib,SAT/UNSAFE,8.58,"Y0: [-978804.34, 3491675.39]; Y1: [-481195.96, 2706457.84]; Y2: [-473396.79, 3024418.62]; Y3: [-998038.49, 2232654.61]; Y4: [-857654.86, 3405300.99]",
ACASXU_run2a_4_1_batch_2000.onnx,prop_4.vnnlib,SAT/UNSAFE,7.89,"Y0: [-656338.17, 2341217.07]; Y1: [-322610.03, 1814664.87]; Y2: [-317360.24, 2027839.19]; Y3: [-669220.5, 1496957.5]; Y4: [-574953.6, 2283210.86]",
ACASXU_run2a_4_2_batch_2000.onnx,prop_1.vnnlib,SAT/UNSAFE,13.04,"Y0: [-1379878.46, 2230965.55]; Y1: [-875700.55, 2648231.43]; Y2: [-1225798.31, 2470270.72]; Y3: [-1212797.23, 2618038.76]; Y4: [-1551422.82, 2918436.48]",
ACASXU_run2a_4_2_batch_2000.onnx,prop_2.vnnlib,SAT/UNSAFE,12.98,"Y0: [-1379878.46, 2230965.55]; Y1: [-875700.55, 2648231.43]; Y2: [-1225798.31, 2470270.72]; Y3: [-1212797.23, 2618038.76]; Y4: [-1551422.82, 2918436.48]",
ACASXU_run2a_4_2_batch_2000.onnx,prop_3.vnnlib,SAT/UNSAFE,5.47,"Y0: [-770605.65, 1245950.24]; Y1: [-489005.56, 1479024.55]; Y2: [-684484.48, 1379628.16]; Y3: [-677302.81, 1462086.37]; Y4: [-866288.64, 1629867.14]",
ACASXU_run2a_4_2_batch_2000.onnx,prop_4.vnnlib,SAT/UNSAFE,5.35,"Y0: [-517654.73, 836971.56]; Y1: [-328481.84, 993510.37]; Y2: [-459794.97, 926746.88]; Y3: [-455003.95, 982120.04]; Y4: [-581919.9, 1094867.07]",
ACASXU_run2a_4_3_batch_2000.onnx,prop_1.vnnlib,SAT/UNSAFE,18.87,"Y0: [-2293842.0, 3888882.16]; Y1: [-1854845.56, 3138323.4]; Y2: [-907393.21, 3393717.79]; Y3: [-1983282.73, 3160876.62]; Y4: [-1440418.6, 4035976.07]",
ACASXU_run2a_4_3_batch_2000.onnx,prop_2.vnnlib,SAT/UNSAFE,18.77,"Y0: [-2293842.0, 3888882.16]; Y1: [-1854845.56, 3138323.4]; Y2: [-907393.21, 3393717.79]; Y3: [-1983282.73, 3160876.62]; Y4: [-1440418.6, 4035976.07]",
ACASXU_run2a_4_3_batch_2000.onnx,prop_3.vnnlib,SAT/UNSAFE,8.42,"Y0: [-1080938.9, 1832694.21]; Y1: [-874112.16, 1478986.98]; Y2: [-427556.96, 1599772.63]; Y3: [-934560.38, 1489652.65]; Y4: [-678732.0, 1902178.59]",
ACASXU_run2a_4_3_batch_2000.onnx,prop_4.vnnlib,SAT/UNSAFE,6.66,"Y0: [-701692.05, 1189778.88]; Y1: [-567485.38, 960143.27]; Y2: [-277554.08, 1038532.22]; Y3: [-606776.43, 967091.71]; Y4: [-440590.64, 1234929.46]",
ACASXU_run2a_4_4_batch_2000.onnx,prop_1.vnnlib,SAT/UNSAFE,18.74,"Y0: [-1902935.27, 4327649.92]; Y1: [-1350919.98, 2827575.39]; Y2: [-989303.04, 2810712.02]; Y3: [-876129.87, 3554218.29]; Y4: [-971327.16, 3243783.95]",
ACASXU_run2a_4_4_batch_2000.onnx,prop_2.vnnlib,SAT/UNSAFE,18.83,"Y0: [-1902935.27, 4327649.92]; Y1: [-1350919.98, 2827575.39]; Y2: [-989303.04, 2810712.02]; Y3: [-876129.87, 3554218.29]; Y4: [-971327.16, 3243783.95]",
ACASXU_run2a_4_4_batch_2000.onnx,prop_3.vnnlib,SAT/UNSAFE,8.4,"Y0: [-1212844.75, 2758356.32]; Y1: [-861018.21, 1802213.53]; Y2: [-630562.04, 1791401.96]; Y3: [-558324.16, 2265451.15]; Y4: [-619117.17, 2067442.67]",
ACASXU_run2a_4_4_batch_2000.onnx,prop_4.vnnlib,SAT/UNSAFE,6.03,"Y0: [-784146.62, 1783267.51]; Y1: [-556662.65, 1165041.59]; Y2: [-407625.94, 1158061.38]; Y3: [-360951.7, 1464572.12]; Y4: [-400232.1, 1336511.28]",
ACASXU_run2a_4_5_batch_2000.onnx,prop_1.vnnlib,SAT/UNSAFE,10.34,"Y0: [-12914236.07, 8554436.45]; Y1: [-1344758.86, 8485336.21]; Y2: [-653708.24, 6833890.36]; Y3: [-2383699.14, 4264074.89]; Y4: [-709563.3, 5560598.86]",
ACASXU_run2a_4_5_batch_2000.onnx,prop_2.vnnlib,SAT/UNSAFE,10.34,"Y0: [-12914236.07, 8554436.45]; Y1: [-1344758.86, 8485336.21]; Y2: [-653708.24, 6833890.36]; Y3: [-2383699.14, 4264074.89]; Y4: [-709563.3, 5560598.86]",
ACASXU_run2a_4_5_batch_2000.onnx,prop_3.vnnlib,SAT/UNSAFE,4.82,"Y0: [-6558784.15, 4344082.39]; Y1: [-682935.11, 4309205.51]; Y2: [-332045.33, 3470197.6]; Y3: [-1210331.32, 2165635.56]; Y4: [-360421.09, 2823627.75]",
ACASXU_run2a_4_5_batch_2000.onnx,prop_4.vnnlib,SAT/UNSAFE,4.72,"Y0: [-3458796.28, 2290998.81]; Y1: [-360143.02, 2272535.46]; Y2: [-175087.28, 1830232.78]; Y3: [-638349.59, 1142075.7]; Y4: [-190050.32, 1489225.4]",
ACASXU_run2a_4_6_batch_2000.onnx,prop_1.vnnlib,SAT/UNSAFE,15.68,"Y0: [-3930369.43, 12971325.78]; Y1: [-1597936.71, 5129267.02]; Y2: [-2651164.24, 2416568.43]; Y3: [-1604970.95, 3606260.36]; Y4: [-455729.89, 2398009.51]",
ACASXU_run2a_4_6_batch_2000.onnx,prop_2.vnnlib,SAT/UNSAFE,15.75,"Y0: [-3930369.43, 12971325.78]; Y1: [-1597936.71, 5129267.02]; Y2: [-2651164.24, 2416568.43]; Y3: [-1604970.95, 3606260.36]; Y4: [-455729.89, 2398009.51]",
ACASXU_run2a_4_6_batch_2000.onnx,prop_3.vnnlib,SAT/UNSAFE,5.36,"Y0: [-2055750.69, 6783604.7]; Y1: [-836140.61, 2682899.92]; Y2: [-1386588.86, 1264031.22]; Y3: [-839491.81, 1886430.22]; Y4: [-238299.63, 1254320.27]",
ACASXU_run2a_4_6_batch_2000.onnx,prop_4.vnnlib,SAT/UNSAFE,4.56,"Y0: [-1101090.66, 3632824.05]; Y1: [-447693.03, 1437103.68]; Y2: [-742880.76, 676922.88]; Y3: [-449763.57, 1010201.54]; Y4: [-127635.98, 671718.4]",
ACASXU_run2a_4_7_batch_2000.onnx,prop_1.vnnlib,SAT/UNSAFE,16.96,"Y0: [-7975608.99, 15218220.75]; Y1: [-159780.81, 7746668.99]; Y2: [-3012892.19, 7783671.12]; Y3: [-824238.94, 9503280.68]; Y4: [-1343939.01, 7033146.97]",
ACASXU_run2a_4_7_batch_2000.onnx,prop_2.vnnlib,SAT/UNSAFE,16.9,"Y0: [-7975608.99, 15218220.75]; Y1: [-159780.81, 7746668.99]; Y2: [-3012892.19, 7783671.12]; Y3: [-824238.94, 9503280.68]; Y4: [-1343939.01, 7033146.97]",
ACASXU_run2a_4_7_batch_2000.onnx,prop_3.vnnlib,SAT/UNSAFE,6.28,"Y0: [-4198577.04, 8011082.24]; Y1: [-84118.35, 4077520.57]; Y2: [-1586524.49, 4096407.06]; Y3: [-433982.26, 5001598.64]; Y4: [-707693.87, 3701520.05]",
ACASXU_run2a_4_7_batch_2000.onnx,prop_4.vnnlib,SAT/UNSAFE,5.3,"Y0: [-2110865.08, 4028163.17]; Y1: [-42288.86, 2050606.4]; Y2: [-797843.36, 2060138.74]; Y3: [-218182.77, 2515647.74]; Y4: [-355904.04, 1861433.93]",
ACASXU_run2a_4_8_batch_2000.onnx,prop_1.vnnlib,SAT/UNSAFE,10.83,"Y0: [-16396378.71, 15374316.73]; Y1: [-0.02, 3925749.37]; Y2: [-1430195.91, 3356811.94]; Y3: [-1430195.95, 4628139.23]; Y4: [-1430195.91, 3356811.94]",
ACASXU_run2a_4_8_batch_2000.onnx,prop_2.vnnlib,SAT/UNSAFE,10.74,"Y0: [-16396378.71, 15374316.73]; Y1: [-0.02, 3925749.37]; Y2: [-1430195.91, 3356811.94]; Y3: [-1430195.95, 4628139.23]; Y4: [-1430195.91, 3356811.94]",
ACASXU_run2a_4_8_batch_2000.onnx,prop_3.vnnlib,SAT/UNSAFE,3.93,"Y0: [-9701537.71, 9096939.45]; Y1: [-0.02, 2322876.62]; Y2: [-846234.99, 1986213.96]; Y3: [-846235.03, 2738399.24]; Y4: [-846234.99, 1986213.96]",
ACASXU_run2a_4_8_batch_2000.onnx,prop_4.vnnlib,SAT/UNSAFE,3.84,"Y0: [-3635129.52, 3408425.25]; Y1: [-0.02, 870348.45]; Y2: [-317062.41, 744222.89]; Y3: [-317062.45, 1026001.43]; Y4: [-317062.41, 744222.89]",
ACASXU_run2a_4_9_batch_2000.onnx,prop_1.vnnlib,SAT/UNSAFE,9.84,"Y0: [-21093280.45, 17686903.73]; Y1: [-0.02, 3055828.66]; Y2: [-4091449.06, 1221168.27]; Y3: [-0.02, 1221168.23]; Y4: [-4091449.06, 25854.21]",
ACASXU_run2a_4_9_batch_2000.onnx,prop_2.vnnlib,SAT/UNSAFE,9.79,"Y0: [-21093280.45, 17686903.73]; Y1: [-0.02, 3055828.66]; Y2: [-4091449.06, 1221168.27]; Y3: [-0.02, 1221168.23]; Y4: [-4091449.06, 25854.21]",
ACASXU_run2a_4_9_batch_2000.onnx,prop_3.vnnlib,SAT/UNSAFE,4.24,"Y0: [-9877434.19, 8281634.15]; Y1: [-0.02, 1430965.28]; Y2: [-1915606.82, 571930.84]; Y3: [-0.02, 571930.8]; Y4: [-1915606.82, 12115.19]",
ACASXU_run2a_4_9_batch_2000.onnx,prop_4.vnnlib,SAT/UNSAFE,4.3,"Y0: [-4496683.41, 3770473.77]; Y1: [-0.02, 651512.61]; Y2: [-872104.65, 260384.26]; Y3: [-0.02, 260384.22]; Y4: [-872104.65, 5515.88]",
ACASXU_run2a_5_1_batch_2000.onnx,prop_1.vnnlib,SAT/UNSAFE,27.36,"Y0: [-1215834.13, 2375092.69]; Y1: [-979914.94, 1805741.1]; Y2: [-1030775.94, 1630045.02]; Y3: [-1150442.58, 1925618.46]; Y4: [-1307243.91, 1643650.32]",
ACASXU_run2a_5_1_batch_2000.onnx,prop_2.vnnlib,SAT/UNSAFE,28.05,"Y0: [-1215834.13, 2375092.69]; Y1: [-979914.94, 1805741.1]; Y2: [-1030775.94, 1630045.02]; Y3: [-1150442.58, 1925618.46]; Y4: [-1307243.91, 1643650.32]",
ACASXU_run2a_5_1_batch_2000.onnx,prop_3.vnnlib,SAT/UNSAFE,11.18,"Y0: [-738586.04, 1442259.1]; Y1: [-595335.34, 1096524.41]; Y2: [-626045.9, 989827.34]; Y3: [-698857.43, 1169614.23]; Y4: [-794138.98, 998182.97]",
ACASXU_run2a_5_1_batch_2000.onnx,prop_4.vnnlib,SAT/UNSAFE,9.7,"Y0: [-587468.12, 1147030.51]; Y1: [-473482.47, 871974.72]; Y2: [-497924.73, 787166.9]; Y3: [-555766.22, 930091.09]; Y4: [-631607.5, 793717.7]",
ACASXU_run2a_5_2_batch_2000.onnx,prop_1.vnnlib,SAT/UNSAFE,21.37,"Y0: [-669072.79, 1929432.97]; Y1: [-269042.84, 2074719.19]; Y2: [-473971.72, 1621035.1]; Y3: [-337781.57, 2430846.21]; Y4: [-934284.3, 1172265.32]",
ACASXU_run2a_5_2_batch_2000.onnx,prop_2.vnnlib,SAT/UNSAFE,21.37,"Y0: [-669072.79, 1929432.97]; Y1: [-269042.84, 2074719.19]; Y2: [-473971.72, 1621035.1]; Y3: [-337781.57, 2430846.21]; Y4: [-934284.3, 1172265.32]",
ACASXU_run2a_5_2_batch_2000.onnx,prop_3.vnnlib,SAT/UNSAFE,9.96,"Y0: [-382917.36, 1103664.99]; Y1: [-153985.68, 1186860.63]; Y2: [-271235.53, 927338.51]; Y3: [-193317.75, 1390561.75]; Y4: [-534444.54, 670705.71]",
ACASXU_run2a_5_2_batch_2000.onnx,prop_4.vnnlib,SAT/UNSAFE,7.12,"Y0: [-266259.01, 767496.03]; Y1: [-107063.42, 825333.54]; Y2: [-188609.9, 644868.32]; Y3: [-134402.45, 966997.36]; Y4: [-371657.02, 466370.01]",
ACASXU_run2a_5_3_batch_2000.onnx,prop_1.vnnlib,SAT/UNSAFE,11.33,"Y0: [-2001063.44, 4029124.5]; Y1: [-1096122.82, 2250512.54]; Y2: [-1241055.48, 2687053.7]; Y3: [-1770020.2, 2483815.63]; Y4: [-879958.96, 3251721.45]",
ACASXU_run2a_5_3_batch_2000.onnx,prop_2.vnnlib,SAT/UNSAFE,11.36,"Y0: [-2001063.44, 4029124.5]; Y1: [-1096122.82, 2250512.54]; Y2: [-1241055.48, 2687053.7]; Y3: [-1770020.2, 2483815.63]; Y4: [-879958.96, 3251721.45]",
ACASXU_run2a_5_3_batch_2000.onnx,prop_3.vnnlib,SAT/UNSAFE,4.94,"Y0: [-1088525.15, 2191830.52]; Y1: [-596378.91, 1224340.49]; Y2: [-675170.1, 1461908.22]; Y3: [-963049.45, 1351331.33]; Y4: [-478758.1, 1769050.99]",
ACASXU_run2a_5_3_batch_2000.onnx,prop_4.vnnlib,SAT/UNSAFE,4.96,"Y0: [-705762.66, 1421010.65]; Y1: [-386693.73, 793778.74]; Y2: [-437689.73, 947822.62]; Y3: [-624428.5, 876117.9]; Y4: [-310439.6, 1146867.62]",
ACASXU_run2a_5_4_batch_2000.onnx,prop_1.vnnlib,SAT/UNSAFE,17.4,"Y0: [-2313030.35, 3748048.42]; Y1: [-1421351.51, 1922750.74]; Y2: [-766802.7, 2475907.58]; Y3: [-1635601.67, 2440702.24]; Y4: [-596043.68, 3044472.0]",
ACASXU_run2a_5_4_batch_2000.onnx,prop_2.vnnlib,SAT/UNSAFE,17.43,"Y0: [-2313030.35, 3748048.42]; Y1: [-1421351.51, 1922750.74]; Y2: [-766802.7, 2475907.58]; Y3: [-1635601.67, 2440702.24]; Y4: [-596043.68, 3044472.0]",
ACASXU_run2a_5_4_batch_2000.onnx,prop_3.vnnlib,SAT/UNSAFE,6.71,"Y0: [-1397463.67, 2265103.29]; Y1: [-858779.02, 1162010.25]; Y2: [-463352.99, 1496254.06]; Y3: [-988299.39, 1475307.95]; Y4: [-360392.62, 1839883.54]",
ACASXU_run2a_5_4_batch_2000.onnx,prop_4.vnnlib,SAT/UNSAFE,6.2,"Y0: [-887722.08, 1438906.95]; Y1: [-545616.62, 738132.93]; Y2: [-294325.76, 950481.11]; Y3: [-627922.16, 937034.44]; Y4: [-228924.54, 1168778.47]",
ACASXU_run2a_5_5_batch_2000.onnx,prop_1.vnnlib,SAT/UNSAFE,13.34,"Y0: [-1742540.56, 5475512.15]; Y1: [-912279.65, 3720229.14]; Y2: [-898309.06, 6272894.49]; Y3: [-783683.68, 3829811.24]; Y4: [-772746.36, 4628175.7]",
ACASXU_run2a_5_5_batch_2000.onnx,prop_2.vnnlib,SAT/UNSAFE,13.46,"Y0: [-1742540.56, 5475512.15]; Y1: [-912279.65, 3720229.14]; Y2: [-898309.06, 6272894.49]; Y3: [-783683.68, 3829811.24]; Y4: [-772746.36, 4628175.7]",
ACASXU_run2a_5_5_batch_2000.onnx,prop_3.vnnlib,SAT/UNSAFE,5.52,"Y0: [-750158.34, 2356369.52]; Y1: [-392681.81, 1600906.92]; Y2: [-386768.59, 2699293.84]; Y3: [-337408.11, 1648073.58]; Y4: [-332566.34, 1991373.39]",
ACASXU_run2a_5_5_batch_2000.onnx,prop_4.vnnlib,SAT/UNSAFE,5.24,"Y0: [-529730.32, 1664489.66]; Y1: [-277339.32, 1130889.95]; Y2: [-273125.61, 1906825.82]; Y3: [-238279.89, 1164201.63]; Y4: [-234879.35, 1406765.24]",
ACASXU_run2a_5_6_batch_2000.onnx,prop_1.vnnlib,SAT/UNSAFE,23.22,"Y0: [-7363775.64, 11464185.58]; Y1: [-2055617.65, 5331712.56]; Y2: [-230151.64, 4436496.5]; Y3: [-2351202.61, 3213491.52]; Y4: [-1075824.7, 4837128.73]",
ACASXU_run2a_5_6_batch_2000.onnx,prop_2.vnnlib,SAT/UNSAFE,23.27,"Y0: [-7363775.64, 11464185.58]; Y1: [-2055617.65, 5331712.56]; Y2: [-230151.64, 4436496.5]; Y3: [-2351202.61, 3213491.52]; Y4: [-1075824.7, 4837128.73]",
ACASXU_run2a_5_6_batch_2000.onnx,prop_3.vnnlib,SAT/UNSAFE,9.34,"Y0: [-2699640.57, 4203871.48]; Y1: [-753666.33, 1955218.33]; Y2: [-84374.64, 1626939.08]; Y3: [-861990.74, 1178357.95]; Y4: [-394440.78, 1773759.7]",
ACASXU_run2a_5_6_batch_2000.onnx,prop_4.vnnlib,SAT/UNSAFE,4.69,"Y0: [-1279531.73, 1989592.9]; Y1: [-357050.0, 925081.96]; Y2: [-39981.56, 769881.42]; Y3: [-408480.56, 557726.95]; Y4: [-186902.83, 839379.94]",
ACASXU_run2a_5_7_batch_2000.onnx,prop_1.vnnlib,SAT/UNSAFE,12.49,"Y0: [-10207406.75, 13180804.68]; Y1: [-125183.33, 841947.58]; Y2: [-0.02, 3808154.77]; Y3: [-126614.93, 839483.03]; Y4: [-2508402.25, 248984.63]",
ACASXU_run2a_5_7_batch_2000.onnx,prop_2.vnnlib,SAT/UNSAFE,12.49,"Y0: [-10207406.75, 13180804.68]; Y1: [-125183.33, 841947.58]; Y2: [-0.02, 3808154.77]; Y3: [-126614.93, 839483.03]; Y4: [-2508402.25, 248984.63]",
ACASXU_run2a_5_7_batch_2000.onnx,prop_3.vnnlib,SAT/UNSAFE,5.11,"Y0: [-5488218.76, 7086267.37]; Y1: [-67300.63, 452578.96]; Y2: [-0.02, 2047416.53]; Y3: [-68069.12, 451253.1]; Y4: [-1348745.45, 133820.02]",
ACASXU_run2a_5_7_batch_2000.onnx,prop_4.vnnlib,SAT/UNSAFE,4.43,"Y0: [-2627638.29, 3393081.83]; Y1: [-32223.56, 216765.46]; Y2: [-0.02, 980327.36]; Y3: [-32591.05, 216131.97]; Y4: [-645747.43, 64093.35]",
ACASXU_run2a_5_8_batch_2000.onnx,prop_1.vnnlib,SAT/UNSAFE,10.23,"Y0: [-40079065.95, 22765094.73]; Y1: [-13793702.23, 1535178.5]; Y2: [-5226661.46, 8503904.09]; Y3: [-4477758.27, 10078422.34]; Y4: [-0.02, 18695837.99]",
ACASXU_run2a_5_8_batch_2000.onnx,prop_2.vnnlib,SAT/UNSAFE,10.23,"Y0: [-40079065.95, 22765094.73]; Y1: [-13793702.23, 1535178.5]; Y2: [-5226661.46, 8503904.09]; Y3: [-4477758.27, 10078422.34]; Y4: [-0.02, 18695837.99]",
ACASXU_run2a_5_8_batch_2000.onnx,prop_3.vnnlib,SAT/UNSAFE,4.12,"Y0: [-17894952.04, 10160954.45]; Y1: [-6155752.09, 685122.78]; Y2: [-2333083.35, 3796110.25]; Y3: [-1999111.8, 4496309.0]; Y4: [-0.02, 8346698.47]",
ACASXU_run2a_5_8_batch_2000.onnx,prop_4.vnnlib,SAT/UNSAFE,4.07,"Y0: [-8249350.56, 4685724.18]; Y1: [-2839182.82, 316015.43]; Y2: [-1075791.18, 1750214.68]; Y3: [-921675.61, 2074460.66]; Y4: [-0.02, 3848116.98]",
ACASXU_run2a_5_9_batch_2000.onnx,prop_1.vnnlib,SAT/UNSAFE,10.44,"Y0: [-8389863.7, 10853779.49]; Y1: [0.02, 2033630.14]; Y2: [-0.02, 1785074.18]; Y3: [0.02, 2033630.14]; Y4: [-0.02, 1929416.11]",
ACASXU_run2a_5_9_batch_2000.onnx,prop_2.vnnlib,SAT/UNSAFE,10.39,"Y0: [-8389863.7, 10853779.49]; Y1: [0.02, 2033630.14]; Y2: [-0.02, 1785074.18]; Y3: [0.02, 2033630.14]; Y4: [-0.02, 1929416.11]",
ACASXU_run2a_5_9_batch_2000.onnx,prop_3.vnnlib,SAT/UNSAFE,4.86,"Y0: [-3230820.2, 4179951.03]; Y1: [0.02, 783138.5]; Y2: [-0.02, 687378.13]; Y3: [0.02, 783138.5]; Y4: [-0.02, 742978.76]",
ACASXU_run2a_5_9_batch_2000.onnx,prop_4.vnnlib,SAT/UNSAFE,2.99,"Y0: [-1495289.52, 1934458.77]; Y1: [0.02, 362454.46]; Y2: [-0.02, 318178.95]; Y3: [0.02, 362454.46]; Y4: [-0.02, 343892.44]",
